"Time","Status","Speed","Latitude","Longitude","Altitude","Heading"
"2019-05-01 00:00:32","Moving",0,-17.9110166666667,25.8651,0,0
"2019-05-01 01:00:32","Moving",0,-17.9082833333333,25.86565,0,0
"2019-05-01 02:00:32","Moving",0,-17.9080166666667,25.8631666666667,0,0
"2019-05-01 03:00:32","Moving",0,-17.9082666666667,25.8597166666667,0,0
"2019-05-01 04:00:32","Moving",0,-17.9068666666667,25.85735,0,0
"2019-05-01 05:00:33","Moving",0,-17.9069,25.8574,0,0
"2019-05-01 06:00:32","Moving",0,-17.9068666666667,25.8573833333333,0,0
"2019-05-01 07:00:32","Moving",0,-17.9022833333333,25.8549,0,0
"2019-05-01 08:00:32","Moving",0,-17.89625,25.8526,0,0
"2019-05-01 09:00:32","Moving",0,-17.8955333333333,25.8488166666667,0,0
"2019-05-01 10:00:32","Moving",0,-17.8987,25.85005,0,0
"2019-05-01 11:00:32","Moving",0,-17.8989833333333,25.8506833333333,0,0
"2019-05-01 12:00:32","Moving",0,-17.8868333333333,25.85225,0,0
"2019-05-01 13:00:32","Moving",0,-17.8859333333333,25.8532,0,0
"2019-05-01 14:00:32","Moving",0,-17.8841,25.8566166666667,0,0
"2019-05-01 15:00:32","Moving",0,-17.8855666666667,25.8523833333333,0,0
"2019-05-01 16:00:02","Moving",0,-17.8830666666667,25.8543333333333,0,0
"2019-05-01 17:00:32","Moving",0,-17.88505,25.8581166666667,0,0
"2019-05-01 18:00:32","Moving",0,-17.8799166666667,25.8536166666667,0,0
"2019-05-01 19:00:32","Moving",0,-17.8734166666667,25.8520166666667,0,0
"2019-05-01 20:00:32","Moving",0,-17.8769166666667,25.8448666666667,0,0
"2019-05-01 21:00:32","Moving",0,-17.8766,25.84275,0,0
"2019-05-01 22:00:32","Moving",0,-17.87765,25.8427666666667,0,0
"2019-05-01 23:00:32","Moving",0,-17.8802166666667,25.84275,0,0
"2019-05-02 00:00:32","Moving",0,-17.8776166666667,25.83855,0,0
"2019-05-02 01:00:32","Moving",0,-17.8761166666667,25.8333166666667,0,0
"2019-05-02 02:00:32","Moving",0,-17.8758333333333,25.8329,0,0
"2019-05-02 03:00:32","Moving",0,-17.8758,25.8328833333333,0,0
"2019-05-02 04:00:32","Moving",0,-17.8796333333333,25.83115,0,0
"2019-05-02 05:00:32","Moving",0,-17.8833833333333,25.8295833333333,0,0
"2019-05-02 06:00:59","Moving",0,-17.8872166666667,25.8319666666667,0,0
"2019-05-02 07:00:32","Moving",0,-17.8939333333333,25.8272666666667,0,0
"2019-05-02 08:00:32","Moving",0,-17.8947,25.8286333333333,0,0
"2019-05-02 09:01:04","Moving",0,-17.89385,25.8265833333333,0,0
"2019-05-02 10:01:56","Moving",0,-17.8918833333333,25.8204666666667,0,0
"2019-05-02 11:00:32","Moving",0,-17.8860166666667,25.8114666666667,0,0
"2019-05-02 12:00:32","Moving",0,-17.88535,25.8121333333333,0,0
"2019-05-02 13:00:32","Moving",0,-17.88545,25.8154833333333,0,0
"2019-05-02 14:00:32","Moving",0,-17.8853333333333,25.8161833333333,0,0
"2019-05-02 15:00:32","Moving",0,-17.8874,25.8159,0,0
"2019-05-02 16:00:32","Moving",0,-17.8900333333333,25.8184,0,0
"2019-05-02 17:00:32","Moving",0,-17.8902166666667,25.8288833333333,0,0
"2019-05-02 18:00:32","Moving",0,-17.8894666666667,25.8382333333333,0,0
"2019-05-02 19:00:32","Moving",0,-17.89045,25.8380666666667,0,0
"2019-05-02 20:00:32","Moving",0,-17.89345,25.8396833333333,0,0
"2019-05-02 21:00:32","Moving",0,-17.893,25.8392333333333,0,0
"2019-05-02 22:00:32","Moving",0,-17.89355,25.8392,0,0
"2019-05-02 23:00:32","Moving",0,-17.8933166666667,25.8386833333333,0,0
"2019-05-03 00:00:33","Moving",0,-17.8938166666667,25.83675,0,0
"2019-05-03 01:01:05","Moving",0,-17.8939166666667,25.8366166666667,0,0
"2019-05-03 02:00:32","Moving",0,-17.8938666666667,25.8366666666667,0,0
"2019-05-03 03:00:32","Moving",0,-17.8937333333333,25.8365333333333,0,0
"2019-05-03 04:00:32","Moving",0,-17.89385,25.8366833333333,0,0
"2019-05-03 05:00:32","Moving",0,-17.8937333333333,25.83635,0,0
"2019-05-03 06:00:32","Moving",0,-17.8938,25.8341166666667,0,0
"2019-05-03 07:00:32","Moving",0,-17.8952333333333,25.82935,0,0
"2019-05-03 08:00:32","Moving",0,-17.8938833333333,25.8313666666667,0,0
"2019-05-03 09:00:32","Moving",0,-17.8935,25.8391666666667,0,0
"2019-05-03 10:00:32","Moving",0,-17.8934833333333,25.8392666666667,0,0
"2019-05-03 11:00:32","Moving",0,-17.8944666666667,25.84255,0,0
"2019-05-03 12:00:32","Moving",0,-17.8915333333333,25.8426166666667,0,0
"2019-05-03 13:00:33","Moving",0,-17.8906166666667,25.8416333333333,0,0
"2019-05-03 14:00:32","Moving",0,-17.8918833333333,25.8429666666667,0,0
"2019-05-03 15:00:32","Moving",0,-17.8954166666667,25.84505,0,0
"2019-05-03 16:00:32","Moving",0,-17.8958166666667,25.8452333333333,0,0
"2019-05-03 17:00:32","Moving",0,-17.9001666666667,25.8545333333333,0,0
"2019-05-03 18:00:32","Moving",0,-17.90295,25.8560333333333,0,0
"2019-05-03 19:00:32","Moving",0,-17.9093166666667,25.8628166666667,0,0
"2019-05-03 20:00:32","Moving",0,-17.9193,25.87095,0,0
"2019-05-03 21:00:32","Moving",0,-17.9208833333333,25.8763166666667,0,0
"2019-05-03 22:00:32","Moving",0,-17.9206666666667,25.8777,0,0
"2019-05-03 23:00:32","Moving",0,-17.91875,25.8831166666667,0,0
"2019-05-04 00:00:32","Moving",0,-17.9175666666667,25.8830333333333,0,0
"2019-05-04 01:00:32","Moving",0,-17.9165666666667,25.88205,0,0
"2019-05-04 02:00:32","Moving",0,-17.91305,25.8818333333333,0,0
"2019-05-04 03:00:32","Moving",0,-17.9115833333333,25.8823166666667,0,0
"2019-05-04 04:00:32","Moving",0,-17.9124,25.8774166666667,0,0
"2019-05-04 05:00:32","Moving",0,-17.9135666666667,25.87645,0,0
"2019-05-04 06:00:33","Moving",0,-17.9135666666667,25.8763833333333,0,0
"2019-05-04 07:00:32","Moving",0,-17.8961,25.85185,0,0
"2019-05-04 08:00:32","Moving",0,-17.89505,25.8492666666667,0,0
"2019-05-04 09:00:32","Moving",0,-17.90125,25.8516166666667,0,0
"2019-05-04 10:00:32","Moving",0,-17.9036,25.8526666666667,0,0
"2019-05-04 11:00:32","Moving",0,-17.90295,25.8526666666667,0,0
"2019-05-04 12:00:32","Moving",0,-17.9009833333333,25.8507833333333,0,0
"2019-05-04 13:00:32","Moving",0,-17.8953,25.8499166666667,0,0
"2019-05-04 14:00:32","Moving",0,-17.89185,25.8568833333333,0,0
"2019-05-04 15:00:32","Moving",0,-17.8905666666667,25.8575166666667,0,0
"2019-05-04 16:00:32","Moving",0,-17.8924666666667,25.8570833333333,0,0
"2019-05-04 17:00:32","Moving",0,-17.8961833333333,25.8552,0,0
"2019-05-04 18:00:32","Moving",0,-17.8987833333333,25.8548,0,0
"2019-05-04 19:00:32","Moving",0,-17.8951,25.8536833333333,0,0
"2019-05-04 20:00:32","Moving",0,-17.8895166666667,25.8569,0,0
"2019-05-04 21:00:32","Moving",0,-17.8887,25.8596666666667,0,0
"2019-05-04 22:00:32","Moving",0,-17.8886666666667,25.8596666666667,0,0
"2019-05-04 23:00:32","Moving",0,-17.8906166666667,25.8610833333333,0,0
"2019-05-05 00:00:32","Moving",0,-17.8938333333333,25.8608333333333,0,0
"2019-05-05 01:00:32","Moving",0,-17.8944666666667,25.8581333333333,0,0
"2019-05-05 02:00:32","Moving",0,-17.8931333333333,25.8571,0,0
"2019-05-05 03:00:32","Moving",0,-17.89315,25.8570833333333,0,0
"2019-05-05 04:00:56","Moving",0,-17.89315,25.8570666666667,0,0
"2019-05-05 05:00:33","Moving",0,-17.8931166666667,25.8570333333333,0,0
"2019-05-05 06:00:32","Moving",0,-17.8960333333333,25.85395,0,0
"2019-05-05 07:00:32","Moving",0,-17.8900666666667,25.85455,0,0
"2019-05-05 08:00:32","Moving",0,-17.89375,25.85325,0,0
"2019-05-05 09:00:32","Moving",0,-17.8963666666667,25.8501,0,0
"2019-05-05 10:00:32","Moving",0,-17.9024833333333,25.8518666666667,0,0
"2019-05-05 11:00:32","Moving",0,-17.9029,25.8525833333333,0,0
"2019-05-05 12:00:32","Moving",0,-17.9033666666667,25.8537,0,0
"2019-05-05 13:00:32","Moving",0,-17.9054166666667,25.8552666666667,0,0
"2019-05-05 14:00:32","Moving",0,-17.90465,25.8557666666667,0,0
"2019-05-05 15:00:32","Moving",0,-17.9011833333333,25.85385,0,0
"2019-05-05 16:00:32","Moving",0,-17.8999666666667,25.8538166666667,0,0
"2019-05-05 17:00:32","Moving",0,-17.8976833333333,25.8547,0,0
"2019-05-05 18:00:32","Moving",0,-17.9020666666667,25.8626,0,0
"2019-05-05 19:00:32","Moving",0,-17.9074666666667,25.8746833333333,0,0
"2019-05-05 20:00:32","Moving",0,-17.9086166666667,25.8775833333333,0,0
"2019-05-05 21:00:32","Moving",0,-17.9097,25.8803333333333,0,0
"2019-05-05 22:00:32","Moving",0,-17.9117833333333,25.8825333333333,0,0
"2019-05-05 23:00:32","Moving",0,-17.9126666666667,25.8837166666667,0,0
"2019-05-06 00:00:32","Moving",0,-17.9139166666667,25.8852666666667,0,0
"2019-05-06 01:00:32","Moving",0,-17.914,25.88555,0,0
"2019-05-06 02:00:32","Moving",0,-17.914,25.8855333333333,0,0
"2019-05-06 03:00:32","Moving",0,-17.91385,25.8853833333333,0,0
"2019-05-06 04:00:32","Moving",0,-17.91385,25.8853833333333,0,0
"2019-05-06 05:00:32","Moving",0,-17.9131,25.8841833333333,0,0
"2019-05-06 06:00:32","Moving",0,-17.9141166666667,25.8824666666667,0,0
"2019-05-06 07:00:32","Moving",0,-17.9139666666667,25.8881166666667,0,0
"2019-05-06 08:00:32","Moving",0,-17.9122333333333,25.8929,0,0
"2019-05-06 09:00:32","Moving",0,-17.9132,25.8943333333333,0,0
"2019-05-06 10:00:32","Moving",0,-17.9130666666667,25.8946666666667,0,0
"2019-05-06 11:00:32","Moving",0,-17.9127333333333,25.8971333333333,0,0
"2019-05-06 12:00:32","Moving",0,-17.9105,25.8976,0,0
"2019-05-06 13:00:32","Moving",0,-17.9106666666667,25.8983833333333,0,0
"2019-05-06 14:00:32","Moving",0,-17.9105,25.8986166666667,0,0
"2019-05-06 15:00:32","Moving",0,-17.9098666666667,25.8984666666667,0,0
"2019-05-06 16:00:32","Moving",0,-17.9108833333333,25.8978166666667,0,0
"2019-05-06 17:00:32","Moving",0,-17.9122,25.8977166666667,0,0
"2019-05-06 18:00:32","Moving",0,-17.9167166666667,25.89265,0,0
"2019-05-06 19:00:32","Moving",0,-17.91305,25.8989,0,0
"2019-05-06 20:00:32","Moving",0,-17.9134833333333,25.9053666666667,0,0
"2019-05-06 21:00:32","Moving",0,-17.91015,25.9062,0,0
"2019-05-06 22:00:32","Moving",0,-17.9086666666667,25.90865,0,0
"2019-05-06 23:00:32","Moving",0,-17.9147333333333,25.9081333333333,0,0
"2019-05-07 00:00:32","Moving",0,-17.9149,25.9058,0,0
"2019-05-07 01:00:32","Moving",0,-17.9135833333333,25.9035,0,0
"2019-05-07 02:00:32","Moving",0,-17.9125833333333,25.89925,0,0
"2019-05-07 03:00:32","Moving",0,-17.91215,25.8951666666667,0,0
"2019-05-07 04:00:32","Moving",0,-17.9121,25.8952166666667,0,0
"2019-05-07 05:00:32","Moving",0,-17.9120833333333,25.8952166666667,0,0
"2019-05-07 06:00:32","Moving",0,-17.91255,25.8944666666667,0,0
"2019-05-07 07:00:32","Moving",0,-17.9126333333333,25.8925166666667,0,0
"2019-05-07 08:00:32","Moving",0,-17.91515,25.8914333333333,0,0
"2019-05-07 09:00:32","Moving",0,-17.9128,25.8936333333333,0,0
"2019-05-07 10:00:32","Moving",0,-17.9146833333333,25.8861166666667,0,0
"2019-05-07 11:00:32","Moving",0,-17.91465,25.8861333333333,0,0
"2019-05-07 12:00:54","Moving",0,-17.91445,25.8862333333333,0,0
"2019-05-07 13:00:32","Moving",0,-17.9138666666667,25.8858833333333,0,0
"2019-05-07 14:00:32","Moving",0,-17.9139166666667,25.8858666666667,0,0
"2019-05-07 15:00:32","Moving",0,-17.9152333333333,25.887,0,0
"2019-05-07 16:00:32","Moving",0,-17.91685,25.8868666666667,0,0
"2019-05-07 17:00:32","Moving",0,-17.91815,25.88595,0,0
"2019-05-07 18:00:32","Moving",0,-17.91925,25.88255,0,0
"2019-05-07 19:01:03","Moving",0,-17.9189,25.87105,0,0
"2019-05-07 20:00:32","Moving",0,-17.9171666666667,25.8682666666667,0,0
"2019-05-07 21:00:32","Moving",0,-17.91595,25.8670833333333,0,0
"2019-05-07 22:00:32","Moving",0,-17.9129166666667,25.86605,0,0
"2019-05-07 23:00:32","Moving",0,-17.9126166666667,25.86985,0,0
"2019-05-08 00:00:32","Moving",0,-17.91265,25.8731666666667,0,0
"2019-05-08 01:00:32","Moving",0,-17.9139166666667,25.8749333333333,0,0
"2019-05-08 02:00:32","Moving",0,-17.9139,25.8764333333333,0,0
"2019-05-08 03:00:32","Moving",0,-17.9141666666667,25.8766333333333,0,0
"2019-05-08 04:00:32","Moving",0,-17.9141833333333,25.8766666666667,0,0
"2019-05-08 05:00:32","Moving",0,-17.9141833333333,25.8767,0,0
"2019-05-08 06:00:32","Moving",0,-17.9128833333333,25.87675,0,0
"2019-05-08 07:00:32","Moving",0,-17.9218333333333,25.8774333333333,0,0
"2019-05-08 08:00:32","Moving",0,-17.9235333333333,25.8749833333333,0,0
"2019-05-08 09:00:32","Moving",0,-17.9212666666667,25.8786166666667,0,0
"2019-05-08 10:00:32","Moving",0,-17.91535,25.8901333333333,0,0
"2019-05-08 11:00:32","Moving",0,-17.9112,25.89355,0,0
"2019-05-08 12:00:32","Moving",0,-17.91055,25.8975833333333,0,0
"2019-05-08 13:00:32","Moving",0,-17.9105166666667,25.89865,0,0
"2019-05-08 14:00:32","Moving",0,-17.9094833333333,25.89995,0,0
"2019-05-08 15:00:32","Moving",0,-17.9036333333333,25.9032333333333,0,0
"2019-05-08 16:00:32","Moving",0,-17.90265,25.90315,0,0
"2019-05-08 17:00:32","Moving",0,-17.9030166666667,25.9025666666667,0,0
"2019-05-08 18:00:32","Moving",0,-17.9028,25.90135,0,0
"2019-05-08 19:00:33","Moving",0,-17.9075833333333,25.8983166666667,0,0
"2019-05-08 20:00:32","Moving",0,-17.90965,25.89435,0,0
"2019-05-08 21:00:32","Moving",0,-17.91055,25.8817833333333,0,0
"2019-05-08 22:00:32","Moving",0,-17.90635,25.8786,0,0
"2019-05-08 23:00:32","Moving",0,-17.9042833333333,25.8763833333333,0,0
"2019-05-09 00:00:32","Moving",0,-17.9047666666667,25.8747,0,0
"2019-05-09 01:00:32","Moving",0,-17.9011666666667,25.86585,0,0
"2019-05-09 02:00:32","Moving",0,-17.8939166666667,25.8607,0,0
"2019-05-09 03:00:32","Moving",0,-17.8945166666667,25.85805,0,0
"2019-05-09 04:00:33","Moving",0,-17.89505,25.8578166666667,0,0
"2019-05-09 05:00:33","Moving",0,-17.8949666666667,25.8577833333333,0,0
"2019-05-09 06:00:32","Moving",0,-17.8903166666667,25.8499166666667,0,0
"2019-05-09 08:00:32","Moving",0,-17.8771,25.8331166666667,0,0
"2019-05-09 09:00:32","Moving",0,-17.87715,25.8331166666667,0,0
"2019-05-09 10:00:32","Moving",0,-17.8737166666667,25.8238,0,0
"2019-05-09 11:00:32","Moving",0,-17.8774,25.8227833333333,0,0
"2019-05-09 12:00:32","Moving",0,-17.8728833333333,25.816,0,0
"2019-05-09 13:00:32","Moving",0,-17.8649333333333,25.8052666666667,0,0
"2019-05-09 14:00:32","Moving",0,-17.8647166666667,25.8048166666667,0,0
"2019-05-09 15:00:32","Moving",0,-17.8647333333333,25.8000166666667,0,0
"2019-05-09 16:00:32","Moving",0,-17.8639833333333,25.79825,0,0
"2019-05-09 17:00:32","Moving",0,-17.8563833333333,25.7964333333333,0,0
"2019-05-09 18:00:32","Moving",0,-17.8474333333333,25.7850166666667,0,0
"2019-05-09 19:00:32","Moving",0,-17.8417166666667,25.7748333333333,0,0
"2019-05-09 20:00:32","Moving",0,-17.83305,25.7653,0,0
"2019-05-09 21:00:32","Moving",0,-17.8331333333333,25.7620833333333,0,0
"2019-05-09 22:00:32","Moving",0,-17.8324166666667,25.75885,0,0
"2019-05-09 23:00:32","Moving",0,-17.8308666666667,25.7571833333333,0,0
"2019-05-10 00:00:32","Moving",0,-17.8237833333333,25.7579666666667,0,0
"2019-05-10 01:00:32","Moving",0,-17.81175,25.7620166666667,0,0
"2019-05-10 02:00:32","Moving",0,-17.8106,25.7602333333333,0,0
"2019-05-10 03:00:32","Moving",0,-17.8025,25.7630833333333,0,0
"2019-05-10 04:00:32","Moving",0,-17.7993166666667,25.7680666666667,0,0
"2019-05-10 05:00:32","Moving",0,-17.80535,25.7710166666667,0,0
"2019-05-10 06:00:32","Moving",0,-17.8070333333333,25.7710166666667,0,0
"2019-05-10 07:00:32","Moving",0,-17.8072666666667,25.771,0,0
"2019-05-10 08:00:32","Moving",0,-17.8073,25.7710333333333,0,0
"2019-05-10 09:00:32","Moving",0,-17.8075166666667,25.7723833333333,0,0
"2019-05-10 10:00:32","Moving",0,-17.80845,25.7729,0,0
"2019-05-10 11:00:32","Moving",0,-17.80855,25.7727833333333,0,0
"2019-05-10 12:00:32","Moving",0,-17.8085833333333,25.7728,0,0
"2019-05-10 13:00:32","Moving",0,-17.80795,25.7730666666667,0,0
"2019-05-10 14:00:32","Moving",0,-17.8063666666667,25.7739,0,0
"2019-05-10 15:00:32","Moving",0,-17.8051,25.77435,0,0
"2019-05-10 16:00:32","Moving",0,-17.7989333333333,25.7799166666667,0,0
"2019-05-10 17:00:32","Moving",0,-17.7978,25.779,0,0
"2019-05-10 18:00:32","Moving",0,-17.79405,25.7789,0,0
"2019-05-10 19:00:34","Moving",0,-17.78755,25.7731166666667,0,0
"2019-05-10 20:00:32","Moving",0,-17.77345,25.7617,0,0
"2019-05-10 21:00:32","Moving",0,-17.7629666666667,25.7534833333333,0,0
"2019-05-10 22:00:51","Moving",0,-17.7664,25.7490833333333,0,0
"2019-05-10 23:00:32","Moving",0,-17.7723166666667,25.7427666666667,0,0
"2019-05-11 00:00:32","Moving",0,-17.7940166666667,25.7456333333333,0,0
"2019-05-11 01:00:32","Moving",0,-17.8175333333333,25.7325166666667,0,0
"2019-05-11 02:00:32","Moving",0,-17.8229833333333,25.7284833333333,0,0
"2019-05-11 03:00:32","Moving",0,-17.8350166666667,25.7375166666667,0,0
"2019-05-11 04:00:32","Moving",0,-17.8406333333333,25.7442,0,0
"2019-05-11 05:00:32","Moving",0,-17.8442666666667,25.7442166666667,0,0
"2019-05-11 06:00:33","Moving",0,-17.8414,25.7502333333333,0,0
"2019-05-11 09:00:32","Moving",0,-17.8369666666667,25.7613,0,0
"2019-05-11 10:00:32","Moving",0,-17.8336166666667,25.7564333333333,0,0
"2019-05-11 11:00:32","Moving",0,-17.83825,25.7618833333333,0,0
"2019-05-11 12:00:32","Moving",0,-17.8488166666667,25.77725,0,0
"2019-05-11 13:00:32","Moving",0,-17.8503166666667,25.7846666666667,0,0
"2019-05-11 14:00:32","Moving",0,-17.85205,25.7844666666667,0,0
"2019-05-11 15:00:32","Moving",0,-17.8533833333333,25.782,0,0
"2019-05-11 16:00:32","Moving",0,-17.8525333333333,25.7824666666667,0,0
"2019-05-11 17:00:32","Moving",0,-17.84945,25.7826833333333,0,0
"2019-05-11 18:00:32","Moving",0,-17.8452666666667,25.78425,0,0
"2019-05-11 19:00:32","Moving",0,-17.8408166666667,25.7875833333333,0,0
"2019-05-11 20:00:32","Moving",0,-17.8392833333333,25.7860166666667,0,0
"2019-05-11 21:00:32","Moving",0,-17.8389333333333,25.7788,0,0
"2019-05-11 22:00:32","Moving",0,-17.83315,25.7629166666667,0,0
"2019-05-11 23:00:32","Moving",0,-17.8324333333333,25.75965,0,0
"2019-05-12 00:00:32","Moving",0,-17.8309666666667,25.7559333333333,0,0
"2019-05-12 01:00:32","Moving",0,-17.8309833333333,25.7559166666667,0,0
"2019-05-12 02:00:39","Moving",0,-17.8308666666667,25.7557666666667,0,0
"2019-05-12 03:00:32","Moving",0,-17.8316166666667,25.7549666666667,0,0
"2019-05-12 04:00:32","Moving",0,-17.8332,25.7576833333333,0,0
"2019-05-12 05:00:32","Moving",0,-17.83485,25.7581666666667,0,0
"2019-05-12 06:00:32","Moving",0,-17.8381,25.7673,0,0
"2019-05-12 07:00:32","Moving",0,-17.8460333333333,25.78315,0,0
"2019-05-12 10:00:32","Moving",0,-17.87575,25.7972,0,0
"2019-05-12 11:00:32","Moving",0,-17.8753,25.7984,0,0
"2019-05-12 12:00:32","Moving",0,-17.8754333333333,25.7974666666667,0,0
"2019-05-12 13:00:32","Moving",0,-17.8755,25.7975166666667,0,0
"2019-05-12 14:00:33","Moving",0,-17.8753833333333,25.7975666666667,0,0
"2019-05-12 15:00:32","Moving",0,-17.87405,25.79885,0,0
"2019-05-12 16:00:32","Moving",0,-17.8735,25.7997,0,0
"2019-05-12 17:00:32","Moving",0,-17.8719,25.7989666666667,0,0
"2019-05-12 18:00:32","Moving",0,-17.8678833333333,25.8030833333333,0,0
"2019-05-12 19:00:32","Moving",0,-17.8623166666667,25.8084,0,0
"2019-05-12 20:00:32","Moving",0,-17.8528666666667,25.8063166666667,0,0
"2019-05-12 21:00:32","Moving",0,-17.8502666666667,25.8076833333333,0,0
"2019-05-12 22:00:32","Moving",0,-17.8488833333333,25.8071833333333,0,0
"2019-05-12 23:00:32","Moving",0,-17.8465333333333,25.8043833333333,0,0
"2019-05-13 00:00:32","Moving",0,-17.8478833333333,25.8025166666667,0,0
"2019-05-13 01:00:32","Moving",0,-17.84785,25.8025333333333,0,0
"2019-05-13 02:00:32","Moving",0,-17.8478833333333,25.8024833333333,0,0
"2019-05-13 03:00:32","Moving",0,-17.8482333333333,25.8028666666667,0,0
"2019-05-13 04:00:32","Moving",0,-17.8519333333333,25.7999666666667,0,0
"2019-05-13 05:00:32","Moving",0,-17.8521666666667,25.7975833333333,0,0
"2019-05-13 06:00:32","Moving",0,-17.8544833333333,25.7991833333333,0,0
"2019-05-13 07:00:32","Moving",0,-17.8566333333333,25.8004666666667,0,0
"2019-05-13 08:00:32","Moving",0,-17.86515,25.8045166666667,0,0
"2019-05-13 09:00:32","Moving",0,-17.8688166666667,25.8035333333333,0,0
"2019-05-13 10:00:32","Moving",0,-17.8747833333333,25.8007666666667,0,0
"2019-05-13 11:00:32","Moving",0,-17.8727666666667,25.8063833333333,0,0
"2019-05-13 12:00:32","Moving",0,-17.8687166666667,25.8062166666667,0,0
"2019-05-13 13:00:32","Moving",0,-17.8689,25.8069666666667,0,0
"2019-05-13 14:00:32","Moving",0,-17.8693333333333,25.8045833333333,0,0
"2019-05-13 15:00:32","Moving",0,-17.8647166666667,25.8,0,0
"2019-05-13 16:00:32","Moving",0,-17.8638,25.7998166666667,0,0
"2019-05-13 17:00:32","Moving",0,-17.8584833333333,25.7972333333333,0,0
"2019-05-13 18:00:32","Moving",0,-17.8573666666667,25.796,0,0
"2019-05-13 19:00:32","Moving",0,-17.8561833333333,25.7893,0,0
"2019-05-13 20:00:32","Moving",0,-17.8501833333333,25.7895,0,0
"2019-05-13 21:00:32","Moving",0,-17.8408,25.78745,0,0
"2019-05-13 22:00:32","Moving",0,-17.8386,25.7875,0,0
"2019-05-13 23:00:32","Moving",0,-17.8379166666667,25.7874833333333,0,0
"2019-05-14 00:00:32","Moving",0,-17.8384,25.7890833333333,0,0
"2019-05-14 01:00:32","Moving",0,-17.8407166666667,25.7875833333333,0,0
"2019-05-14 02:00:32","Moving",0,-17.84495,25.7857666666667,0,0
"2019-05-14 03:00:32","Moving",0,-17.84725,25.7859166666667,0,0
"2019-05-14 04:00:33","Moving",0,-17.8476166666667,25.7854,0,0
"2019-05-14 05:00:32","Moving",0,-17.8476333333333,25.7853666666667,0,0
"2019-05-14 06:00:32","Moving",0,-17.85025,25.7896166666667,0,0
"2019-05-14 07:00:32","Moving",0,-17.8531,25.79665,0,0
"2019-05-14 08:00:32","Moving",0,-17.8628833333333,25.8127,0,0
"2019-05-14 10:00:50","Moving",0,-17.8762166666667,25.8223333333333,0,0
"2019-05-14 12:00:32","Moving",0,-17.8738666666667,25.8150333333333,0,0
"2019-05-14 13:00:33","Moving",0,-17.8762,25.8038166666667,0,0
"2019-05-14 14:00:32","Moving",0,-17.8724333333333,25.7991833333333,0,0
"2019-05-14 15:00:32","Moving",0,-17.8740666666667,25.7986666666667,0,0
"2019-05-14 16:00:32","Moving",0,-17.8692333333333,25.7979166666667,0,0
"2019-05-14 17:00:32","Moving",0,-17.8567666666667,25.8009,0,0
"2019-05-14 18:00:32","Moving",0,-17.8514,25.79545,0,0
"2019-05-14 19:00:32","Moving",0,-17.8408,25.78755,0,0
"2019-05-14 20:00:32","Moving",0,-17.83665,25.78825,0,0
"2019-05-14 21:00:32","Moving",0,-17.83235,25.7874666666667,0,0
"2019-05-14 22:00:32","Moving",0,-17.8278666666667,25.782,0,0
"2019-05-14 23:00:32","Moving",0,-17.8122166666667,25.7805833333333,0,0
"2019-05-15 00:00:32","Moving",0,-17.81265,25.7615,0,0
"2019-05-15 01:00:32","Moving",0,-17.8074666666667,25.7543333333333,0,0
"2019-05-15 02:00:32","Moving",0,-17.8026833333333,25.73995,0,0
"2019-05-15 03:00:32","Moving",0,-17.8203833333333,25.7324666666667,0,0
"2019-05-15 04:00:32","Moving",0,-17.8234166666667,25.7288166666667,0,0
"2019-05-15 05:00:32","Moving",0,-17.8270833333333,25.7410666666667,0,0
"2019-05-15 06:00:32","Moving",0,-17.8301333333333,25.74255,0,0
"2019-05-15 07:00:33","Moving",0,-17.8301333333333,25.7425333333333,0,0
"2019-05-15 08:00:32","Moving",0,-17.8311833333333,25.7426166666667,0,0
"2019-05-15 09:00:32","Moving",0,-17.8353333333333,25.7392666666667,0,0
"2019-05-15 10:00:32","Moving",0,-17.8412833333333,25.7404833333333,0,0
"2019-05-15 11:00:57","Moving",0,-17.84055,25.7405333333333,0,0
"2019-05-15 12:00:33","Moving",0,-17.84075,25.7407666666667,0,0
"2019-05-15 13:00:33","Moving",0,-17.8411833333333,25.7401666666667,0,0
"2019-05-15 14:00:40","Moving",0,-17.8403,25.7404833333333,0,0
"2019-05-15 15:00:32","Moving",0,-17.8398166666667,25.7401833333333,0,0
"2019-05-15 16:00:32","Moving",0,-17.84205,25.7422333333333,0,0
"2019-05-15 17:00:32","Moving",0,-17.83855,25.7488333333333,0,0
"2019-05-15 18:00:32","Moving",0,-17.83735,25.7467166666667,0,0
"2019-05-15 19:00:32","Moving",0,-17.8311166666667,25.7454333333333,0,0
"2019-05-15 20:00:32","Moving",0,-17.8244666666667,25.7302666666667,0,0
"2019-05-15 21:00:32","Moving",0,-17.8176333333333,25.7265833333333,0,0
"2019-05-15 22:00:32","Moving",0,-17.8134166666667,25.72435,0,0
"2019-05-15 23:00:32","Moving",0,-17.8137333333333,25.7227833333333,0,0
"2019-05-16 00:00:32","Moving",0,-17.81095,25.7241166666667,0,0
"2019-05-16 01:00:32","Moving",0,-17.8047333333333,25.7283833333333,0,0
"2019-05-16 02:00:32","Moving",0,-17.8040833333333,25.7327166666667,0,0
"2019-05-16 03:00:32","Moving",0,-17.814,25.736,0,0
"2019-05-16 04:00:32","Moving",0,-17.82325,25.7411333333333,0,0
"2019-05-16 05:00:33","Moving",0,-17.8233666666667,25.7410833333333,0,0
"2019-05-16 06:00:33","Moving",0,-17.8232666666667,25.7410833333333,0,0
"2019-05-16 07:00:32","Moving",0,-17.82335,25.7436666666667,0,0
"2019-05-16 08:00:32","Moving",0,-17.8293,25.7428,0,0
"2019-05-16 09:00:32","Moving",0,-17.8341166666667,25.7397666666667,0,0
"2019-05-16 10:00:32","Moving",0,-17.8344166666667,25.7399833333333,0,0
"2019-05-16 11:00:32","Moving",0,-17.834,25.7406666666667,0,0
"2019-05-16 12:00:32","Moving",0,-17.8343,25.7406666666667,0,0
"2019-05-16 13:00:32","Moving",0,-17.8382333333333,25.7384666666667,0,0
"2019-05-16 14:00:32","Moving",0,-17.8391666666667,25.7374166666667,0,0
"2019-05-16 15:00:32","Moving",0,-17.8398,25.7404833333333,0,0
"2019-05-16 16:00:32","Moving",0,-17.8414,25.7408666666667,0,0
"2019-05-16 17:00:33","Moving",0,-17.8400166666667,25.7405333333333,0,0
"2019-05-16 18:00:32","Moving",0,-17.8392166666667,25.7393333333333,0,0
"2019-05-16 19:00:32","Moving",0,-17.8317,25.7383166666667,0,0
"2019-05-16 20:00:32","Moving",0,-17.8215666666667,25.7270166666667,0,0
"2019-05-16 21:00:32","Moving",0,-17.8132833333333,25.7237333333333,0,0
"2019-05-16 22:00:32","Moving",0,-17.8088,25.7295333333333,0,0
"2019-05-16 23:00:32","Moving",0,-17.8006333333333,25.73425,0,0
"2019-05-17 00:00:32","Moving",0,-17.80385,25.73305,0,0
"2019-05-17 01:00:32","Moving",0,-17.8089,25.7364666666667,0,0
"2019-05-17 02:00:32","Moving",0,-17.8184,25.74415,0,0
"2019-05-17 03:00:32","Moving",0,-17.82005,25.7478333333333,0,0
"2019-05-17 04:00:32","Moving",0,-17.8227,25.74685,0,0
"2019-05-17 05:00:32","Moving",0,-17.8227166666667,25.74685,0,0
"2019-05-17 06:00:34","Moving",0,-17.8227,25.7467,0,0
"2019-05-17 07:00:32","Moving",0,-17.8226833333333,25.7464333333333,0,0
"2019-05-17 08:00:32","Moving",0,-17.8221,25.7421333333333,0,0
"2019-05-17 09:00:32","Moving",0,-17.833,25.7460166666667,0,0
"2019-05-17 10:00:32","Moving",0,-17.8417333333333,25.7501166666667,0,0
"2019-05-17 11:00:32","Moving",0,-17.8406,25.7501833333333,0,0
"2019-05-17 12:00:33","Moving",0,-17.8405666666667,25.7502333333333,0,0
"2019-05-17 13:00:32","Moving",0,-17.8423833333333,25.746,0,0
"2019-05-17 14:00:32","Moving",0,-17.8406166666667,25.7456333333333,0,0
"2019-05-17 15:00:32","Moving",0,-17.8375333333333,25.74615,0,0
"2019-05-17 16:00:32","Moving",0,-17.83545,25.7450666666667,0,0
"2019-05-17 17:00:32","Moving",0,-17.8310833333333,25.74545,0,0
"2019-05-17 18:00:32","Moving",0,-17.8285166666667,25.74635,0,0
"2019-05-17 19:00:32","Moving",0,-17.818,25.7457166666667,0,0
"2019-05-17 20:00:32","Moving",0,-17.8088,25.7430833333333,0,0
"2019-05-17 21:00:32","Moving",0,-17.79525,25.7409,0,0
"2019-05-17 22:00:32","Moving",0,-17.7960166666667,25.7385333333333,0,0
"2019-05-17 23:00:32","Moving",0,-17.7950666666667,25.7368833333333,0,0
"2019-05-18 00:00:32","Moving",0,-17.79535,25.7356666666667,0,0
"2019-05-18 01:00:32","Moving",0,-17.79375,25.7324,0,0
"2019-05-18 02:00:32","Moving",0,-17.79675,25.7299666666667,0,0
"2019-05-18 03:00:32","Moving",0,-17.7972666666667,25.7287166666667,0,0
"2019-05-18 04:00:32","Moving",0,-17.7972333333333,25.7287333333333,0,0
"2019-05-18 05:00:32","Moving",0,-17.7972333333333,25.7286833333333,0,0
"2019-05-18 06:00:32","Moving",0,-17.7970833333333,25.7287666666667,0,0
"2019-05-18 07:00:32","Moving",0,-17.79395,25.7272333333333,0,0
"2019-05-18 08:00:32","Moving",0,-17.79325,25.7253833333333,0,0
"2019-05-18 09:00:32","Moving",0,-17.7922666666667,25.7245,0,0
"2019-05-18 10:00:32","Moving",0,-17.7930833333333,25.718,0,0
"2019-05-18 12:00:32","Moving",0,-17.7926666666667,25.7181166666667,0,0
"2019-05-18 13:00:51","Moving",0,-17.7941,25.7182166666667,0,0
"2019-05-18 14:00:32","Moving",0,-17.7989666666667,25.7191166666667,0,0
"2019-05-18 15:00:32","Moving",0,-17.7979666666667,25.72145,0,0
"2019-05-18 16:00:32","Moving",0,-17.79685,25.7250833333333,0,0
"2019-05-18 17:00:32","Moving",0,-17.7989333333333,25.7287333333333,0,0
"2019-05-18 18:00:32","Moving",0,-17.80005,25.7245833333333,0,0
"2019-05-18 19:00:34","Moving",0,-17.8044333333333,25.7189,0,0
"2019-05-18 20:00:32","Moving",0,-17.8041333333333,25.7206333333333,0,0
"2019-05-18 21:00:32","Moving",0,-17.8066,25.73155,0,0
"2019-05-18 22:00:32","Moving",0,-17.8365,25.7277333333333,0,0
"2019-05-18 23:00:32","Moving",0,-17.83895,25.7210333333333,0,0
"2019-05-19 00:00:32","Moving",0,-17.8386333333333,25.7174666666667,0,0
"2019-05-19 01:00:32","Moving",0,-17.83725,25.7165333333333,0,0
"2019-05-19 02:00:32","Moving",0,-17.8372333333333,25.7166833333333,0,0
"2019-05-19 03:00:32","Moving",0,-17.8375,25.71265,0,0
"2019-05-19 04:00:32","Moving",0,-17.8375333333333,25.7116,0,0
"2019-05-19 05:00:32","Moving",0,-17.8375333333333,25.7116166666667,0,0
"2019-05-19 06:00:32","Moving",0,-17.8374666666667,25.7118333333333,0,0
"2019-05-19 07:00:32","Moving",0,-17.8373,25.7117,0,0
"2019-05-19 08:00:32","Moving",0,-17.837,25.7111333333333,0,0
"2019-05-19 09:00:32","Moving",0,-17.8354,25.7098666666667,0,0
"2019-05-19 10:00:32","Moving",0,-17.8355666666667,25.7095666666667,0,0
"2019-05-19 11:00:32","Moving",0,-17.8368166666667,25.70895,0,0
"2019-05-19 13:00:32","Moving",0,-17.8351333333333,25.7085333333333,0,0
"2019-05-19 14:00:32","Moving",0,-17.8354,25.7095,0,0
"2019-05-19 15:00:32","Moving",0,-17.83905,25.7148833333333,0,0
"2019-05-19 16:00:32","Moving",0,-17.8384666666667,25.7146166666667,0,0
"2019-05-19 17:00:32","Moving",0,-17.83835,25.7122,0,0
"2019-05-19 18:00:32","Moving",0,-17.8388333333333,25.712,0,0
"2019-05-19 19:00:32","Moving",0,-17.8385,25.7112833333333,0,0
"2019-05-19 20:00:32","Moving",0,-17.8365666666667,25.7091333333333,0,0
"2019-05-19 21:00:32","Moving",0,-17.8356666666667,25.7077666666667,0,0
"2019-05-19 22:00:32","Moving",0,-17.8353333333333,25.7076833333333,0,0
"2019-05-19 23:00:32","Moving",0,-17.8363333333333,25.7070666666667,0,0
"2019-05-20 00:00:32","Moving",0,-17.83635,25.7072166666667,0,0
"2019-05-20 01:00:32","Moving",0,-17.83635,25.7072166666667,0,0
"2019-05-20 02:00:32","Moving",0,-17.8363166666667,25.7072333333333,0,0
"2019-05-20 03:00:33","Moving",0,-17.8363333333333,25.7072,0,0
"2019-05-20 04:00:32","Moving",0,-17.8361666666667,25.70685,0,0
"2019-05-20 05:01:11","Moving",0,-17.8363,25.70745,0,0
"2019-05-20 06:00:57","Moving",0,-17.8363833333333,25.7073666666667,0,0
"2019-05-20 07:00:32","Moving",0,-17.8356333333333,25.70735,0,0
"2019-05-20 08:00:32","Moving",0,-17.8359833333333,25.7103833333333,0,0
"2019-05-20 09:00:32","Moving",0,-17.8382333333333,25.711,0,0
"2019-05-20 10:00:32","Moving",0,-17.8376333333333,25.71075,0,0
"2019-05-20 11:00:33","Moving",0,-17.83705,25.71055,0,0
"2019-05-20 13:00:32","Moving",0,-17.83855,25.71315,0,0
"2019-05-20 14:00:32","Moving",0,-17.8359833333333,25.70965,0,0
"2019-05-20 15:00:32","Moving",0,-17.83565,25.7095833333333,0,0
"2019-05-20 16:00:32","Moving",0,-17.8361666666667,25.7068666666667,0,0
"2019-05-20 17:00:32","Moving",0,-17.83565,25.70735,0,0
"2019-05-20 18:00:32","Moving",0,-17.8360333333333,25.7079666666667,0,0
"2019-05-20 19:00:32","Moving",0,-17.8350166666667,25.7084,0,0
"2019-05-20 20:00:32","Moving",0,-17.8352,25.7083833333333,0,0
"2019-05-20 21:00:32","Moving",0,-17.8353166666667,25.7082166666667,0,0
"2019-05-20 22:00:32","Moving",0,-17.8362833333333,25.7075166666667,0,0
"2019-05-20 23:00:32","Moving",0,-17.83635,25.7074333333333,0,0
"2019-05-21 00:00:32","Moving",0,-17.8363166666667,25.7074166666667,0,0
"2019-05-21 01:00:32","Moving",0,-17.8368,25.7087666666667,0,0
"2019-05-21 02:00:32","Moving",0,-17.8351666666667,25.7099666666667,0,0
"2019-05-21 03:00:32","Moving",0,-17.8364833333333,25.7104333333333,0,0
"2019-05-21 04:00:32","Moving",0,-17.83705,25.7100666666667,0,0
"2019-05-21 05:00:33","Moving",0,-17.8370166666667,25.7100666666667,0,0
"2019-05-21 06:00:33","Moving",0,-17.837,25.7100166666667,0,0
"2019-05-21 07:00:32","Moving",0,-17.8371333333333,25.71025,0,0
"2019-05-21 08:00:32","Moving",0,-17.8357333333333,25.7077,0,0
"2019-05-21 09:00:32","Moving",0,-17.8361833333333,25.7068166666667,0,0
"2019-05-21 10:00:32","Moving",0,-17.8369666666667,25.7104,0,0
"2019-05-21 11:00:32","Moving",0,-17.8366833333333,25.7124,0,0
"2019-05-21 12:00:32","Moving",0,-17.83725,25.71245,0,0
"2019-05-21 14:00:32","Moving",0,-17.8397,25.719,0,0
"2019-05-21 15:00:32","Moving",0,-17.8398666666667,25.7190166666667,0,0
"2019-05-21 16:00:32","Moving",0,-17.8390166666667,25.7180166666667,0,0
"2019-05-21 17:00:32","Moving",0,-17.8390166666667,25.7159166666667,0,0
"2019-05-21 18:00:32","Moving",0,-17.8374833333333,25.7129333333333,0,0
"2019-05-21 19:00:32","Moving",0,-17.8338333333333,25.7132166666667,0,0
"2019-05-21 20:00:32","Moving",0,-17.8335,25.7127,0,0
"2019-05-21 21:00:32","Moving",0,-17.8334833333333,25.7118,0,0
"2019-05-21 22:00:32","Moving",0,-17.8337,25.7119,0,0
"2019-05-21 23:00:32","Moving",0,-17.83345,25.71255,0,0
"2019-05-22 00:00:32","Moving",0,-17.8338666666667,25.7125833333333,0,0
"2019-05-22 01:00:32","Moving",0,-17.8342833333333,25.7137833333333,0,0
"2019-05-22 02:00:32","Moving",0,-17.83585,25.71415,0,0
"2019-05-22 03:00:32","Moving",0,-17.8374833333333,25.7117833333333,0,0
"2019-05-22 04:00:32","Moving",0,-17.8375166666667,25.71185,0,0
"2019-05-22 05:00:32","Moving",0,-17.8375166666667,25.71185,0,0
"2019-05-22 06:00:33","Moving",0,-17.8375,25.7118166666667,0,0
"2019-05-22 07:00:32","Moving",0,-17.8376,25.7116333333333,0,0
"2019-05-22 08:00:32","Moving",0,-17.8368333333333,25.7104833333333,0,0
"2019-05-22 09:00:32","Moving",0,-17.8360666666667,25.7095333333333,0,0
"2019-05-22 10:00:32","Moving",0,-17.8358166666667,25.7082333333333,0,0
"2019-05-22 11:00:32","Moving",0,-17.8352333333333,25.7080833333333,0,0
"2019-05-22 12:00:32","Moving",0,-17.8351833333333,25.7085,0,0
"2019-05-22 13:00:32","Moving",0,-17.8355333333333,25.7092833333333,0,0
"2019-05-22 14:00:32","Moving",0,-17.8353833333333,25.7095166666667,0,0
"2019-05-22 15:00:32","Moving",0,-17.8358333333333,25.7078333333333,0,0
"2019-05-22 16:00:32","Moving",0,-17.8355666666667,25.7074333333333,0,0
"2019-05-22 17:00:32","Moving",0,-17.8352833333333,25.7078166666667,0,0
"2019-05-22 18:00:32","Moving",0,-17.8360666666667,25.7098833333333,0,0
"2019-05-22 19:00:32","Moving",0,-17.8372333333333,25.7096166666667,0,0
"2019-05-22 20:00:32","Moving",0,-17.8385,25.7114666666667,0,0
"2019-05-22 21:00:32","Moving",0,-17.83865,25.71155,0,0
"2019-05-22 22:00:32","Moving",0,-17.8387,25.7128166666667,0,0
"2019-05-22 23:00:32","Moving",0,-17.8387,25.71295,0,0
"2019-05-23 00:00:32","Moving",0,-17.8382,25.7127833333333,0,0
"2019-05-23 01:00:32","Moving",0,-17.83745,25.71185,0,0
"2019-05-23 02:00:32","Moving",0,-17.8376,25.71125,0,0
"2019-05-23 03:00:32","Moving",0,-17.83605,25.7080666666667,0,0
"2019-05-23 04:00:32","Moving",0,-17.8360333333333,25.70805,0,0
"2019-05-23 05:01:00","Moving",0,-17.8359833333333,25.70805,0,0
"2019-05-23 06:00:32","Moving",0,-17.83605,25.70805,0,0
"2019-05-23 07:00:33","Moving",0,-17.8360333333333,25.7080833333333,0,0
"2019-05-23 08:00:32","Moving",0,-17.8354666666667,25.7084166666667,0,0
"2019-05-23 09:00:32","Moving",0,-17.8357666666667,25.7072333333333,0,0
"2019-05-23 10:00:32","Moving",0,-17.8361666666667,25.7075166666667,0,0
"2019-05-23 11:00:32","Moving",0,-17.8368166666667,25.7108833333333,0,0
"2019-05-23 12:00:32","Moving",0,-17.8360166666667,25.7096166666667,0,0
"2019-05-23 13:00:32","Moving",0,-17.83525,25.7097666666667,0,0
"2019-05-23 14:00:32","Moving",0,-17.8353833333333,25.7087666666667,0,0
"2019-05-23 15:00:32","Moving",0,-17.8351333333333,25.7083666666667,0,0
"2019-05-23 16:00:32","Moving",0,-17.83495,25.7084833333333,0,0
"2019-05-23 17:00:32","Moving",0,-17.83515,25.7086333333333,0,0
"2019-05-23 18:00:32","Moving",0,-17.8356333333333,25.7105333333333,0,0
"2019-05-23 19:00:32","Moving",0,-17.8365166666667,25.7115833333333,0,0
"2019-05-23 20:00:32","Moving",0,-17.8385,25.7113166666667,0,0
"2019-05-23 21:00:32","Moving",0,-17.8388333333333,25.7121833333333,0,0
"2019-05-23 22:00:32","Moving",0,-17.8386833333333,25.7129166666667,0,0
"2019-05-23 23:00:32","Moving",0,-17.8381666666667,25.7131333333333,0,0
"2019-05-24 00:00:32","Moving",0,-17.8379166666667,25.71275,0,0
"2019-05-24 01:00:32","Moving",0,-17.8373666666667,25.7119,0,0
"2019-05-24 02:00:32","Moving",0,-17.8355833333333,25.7086833333333,0,0
"2019-05-24 03:00:32","Moving",0,-17.83555,25.7087,0,0
"2019-05-24 04:00:32","Moving",0,-17.8360666666667,25.7080833333333,0,0
"2019-05-24 05:00:32","Moving",0,-17.83605,25.7081166666667,0,0
"2019-05-24 06:00:32","Moving",0,-17.83605,25.7080666666667,0,0
"2019-05-24 07:00:32","Moving",0,-17.8361166666667,25.7076,0,0
"2019-05-24 08:00:32","Moving",0,-17.8355333333333,25.70745,0,0
"2019-05-24 09:00:32","Moving",0,-17.8355666666667,25.7079833333333,0,0
"2019-05-24 10:00:32","Moving",0,-17.8353333333333,25.7083666666667,0,0
"2019-05-24 11:00:32","Moving",0,-17.8352666666667,25.7086,0,0
"2019-05-24 12:00:32","Moving",0,-17.8354,25.7090666666667,0,0
"2019-05-24 13:00:32","Moving",0,-17.83495,25.70925,0,0
"2019-05-24 14:00:32","Moving",0,-17.8358833333333,25.7102666666667,0,0
"2019-05-24 15:00:32","Moving",0,-17.8371333333333,25.7103,0,0
"2019-05-24 16:00:32","Moving",0,-17.8362166666667,25.7088666666667,0,0
"2019-05-24 17:01:02","Moving",0,-17.8355166666667,25.7093166666667,0,0
"2019-05-24 18:00:32","Moving",0,-17.83505,25.7085666666667,0,0
"2019-05-24 19:00:32","Moving",0,-17.8349333333333,25.7098166666667,0,0
"2019-05-24 20:00:32","Moving",0,-17.8374166666667,25.7097,0,0
"2019-05-24 21:00:32","Moving",0,-17.8375666666667,25.7098666666667,0,0
"2019-05-24 22:00:32","Moving",0,-17.8376333333333,25.7099166666667,0,0
"2019-05-24 23:00:32","Moving",0,-17.8383333333333,25.7120666666667,0,0
"2019-05-25 00:00:32","Moving",0,-17.8379166666667,25.7122166666667,0,0
"2019-05-25 01:00:32","Moving",0,-17.8380166666667,25.7123333333333,0,0
"2019-05-25 02:00:32","Moving",0,-17.8380166666667,25.7123,0,0
"2019-05-25 03:00:32","Moving",0,-17.8380166666667,25.7123,0,0
"2019-05-25 04:00:32","Moving",0,-17.83775,25.7124833333333,0,0
"2019-05-25 05:00:32","Moving",0,-17.8381833333333,25.7128333333333,0,0
"2019-05-25 06:00:32","Moving",0,-17.8383333333333,25.7130833333333,0,0
"2019-05-25 07:00:32","Moving",0,-17.8387166666667,25.7143333333333,0,0
"2019-05-25 08:00:32","Moving",0,-17.8370166666667,25.7119333333333,0,0
"2019-05-25 09:00:32","Moving",0,-17.8357166666667,25.70995,0,0
"2019-05-25 12:00:32","Moving",0,-17.8356,25.7101,0,0
"2019-05-25 13:00:32","Moving",0,-17.8351833333333,25.71065,0,0
"2019-05-25 14:00:32","Moving",0,-17.8351666666667,25.7097166666667,0,0
"2019-05-25 15:00:32","Moving",0,-17.8351666666667,25.7086166666667,0,0
"2019-05-25 16:00:32","Moving",0,-17.8354666666667,25.7090666666667,0,0
"2019-05-25 17:00:32","Moving",0,-17.837,25.7114,0,0
"2019-05-25 18:00:32","Moving",0,-17.83845,25.71135,0,0
"2019-05-25 19:00:32","Moving",0,-17.8387666666667,25.7122166666667,0,0
"2019-05-25 20:00:32","Moving",0,-17.8387666666667,25.7131166666667,0,0
"2019-05-25 21:00:32","Moving",0,-17.8388666666667,25.7139166666667,0,0
"2019-05-25 22:00:32","Moving",0,-17.8388333333333,25.7139666666667,0,0
"2019-05-25 23:00:32","Moving",0,-17.8388666666667,25.7137166666667,0,0
"2019-05-26 00:00:32","Moving",0,-17.8388333333333,25.7137333333333,0,0
"2019-05-26 01:00:32","Moving",0,-17.8388166666667,25.7137,0,0
"2019-05-26 02:00:32","Moving",0,-17.8388333333333,25.7137166666667,0,0
"2019-05-26 03:00:32","Moving",0,-17.8389166666667,25.71395,0,0
"2019-05-26 04:00:32","Moving",0,-17.8387833333333,25.7151,0,0
"2019-05-26 05:00:32","Moving",0,-17.8385166666667,25.71445,0,0
"2019-05-26 06:00:32","Moving",0,-17.8384833333333,25.7144166666667,0,0
"2019-05-26 07:00:32","Moving",0,-17.8384666666667,25.7144666666667,0,0
"2019-05-26 08:00:32","Moving",0,-17.8388833333333,25.7151333333333,0,0
"2019-05-26 09:00:32","Moving",0,-17.8390166666667,25.71585,0,0
"2019-05-26 10:00:32","Moving",0,-17.8385833333333,25.71445,0,0
"2019-05-26 11:00:32","Moving",0,-17.8356166666667,25.7087166666667,0,0
"2019-05-26 12:00:32","Moving",0,-17.8353666666667,25.7082333333333,0,0
"2019-05-26 13:00:32","Moving",0,-17.8353833333333,25.70875,0,0
"2019-05-26 14:00:32","Moving",0,-17.8355,25.7084833333333,0,0
"2019-05-26 15:00:32","Moving",0,-17.8368,25.7082,0,0
"2019-05-26 16:00:32","Moving",0,-17.83745,25.7093833333333,0,0
"2019-05-26 17:00:32","Moving",0,-17.8375,25.7128833333333,0,0
"2019-05-26 18:00:32","Moving",0,-17.8378166666667,25.7142833333333,0,0
"2019-05-26 19:00:32","Moving",0,-17.8376333333333,25.7154333333333,0,0
"2019-05-26 20:00:32","Moving",0,-17.8379166666667,25.7158,0,0
"2019-05-26 21:00:32","Moving",0,-17.838,25.7160333333333,0,0
"2019-05-26 22:00:32","Moving",0,-17.8375666666667,25.7147,0,0
"2019-05-26 23:00:32","Moving",0,-17.8374666666667,25.7142666666667,0,0
"2019-05-27 00:00:32","Moving",0,-17.8379333333333,25.7134166666667,0,0
"2019-05-27 01:00:32","Moving",0,-17.8366833333333,25.7120166666667,0,0
"2019-05-27 02:00:32","Moving",0,-17.8366833333333,25.7120666666667,0,0
"2019-05-27 03:00:32","Moving",0,-17.8366833333333,25.7120666666667,0,0
"2019-05-27 04:00:32","Moving",0,-17.8366833333333,25.7120333333333,0,0
"2019-05-27 05:00:32","Moving",0,-17.8366833333333,25.71205,0,0
"2019-05-27 06:00:33","Moving",0,-17.8366666666667,25.7119833333333,0,0
"2019-05-27 07:00:32","Moving",0,-17.8365666666667,25.7121833333333,0,0
"2019-05-27 08:00:32","Moving",0,-17.8355,25.70835,0,0
"2019-05-27 09:00:32","Moving",0,-17.8351333333333,25.7081,0,0
"2019-05-27 10:00:32","Moving",0,-17.8359166666667,25.7079833333333,0,0
"2019-05-27 11:00:32","Moving",0,-17.83685,25.7079333333333,0,0
"2019-05-27 12:00:32","Moving",0,-17.8364166666667,25.7074666666667,0,0
"2019-05-27 13:00:32","Moving",0,-17.83655,25.7080333333333,0,0
"2019-05-27 14:00:32","Moving",0,-17.8370166666667,25.7089666666667,0,0
"2019-05-27 15:00:32","Moving",0,-17.83535,25.7083833333333,0,0
"2019-05-27 16:00:32","Moving",0,-17.8360166666667,25.7105333333333,0,0
"2019-05-27 17:00:32","Moving",0,-17.8367166666667,25.71235,0,0
"2019-05-27 18:00:32","Moving",0,-17.8377333333333,25.7142,0,0
"2019-05-27 19:00:32","Moving",0,-17.83605,25.7143333333333,0,0
"2019-05-27 20:00:32","Moving",0,-17.8336666666667,25.7128,0,0
"2019-05-27 21:00:32","Moving",0,-17.8335166666667,25.71275,0,0
"2019-05-27 22:00:32","Moving",0,-17.8335333333333,25.7127166666667,0,0
"2019-05-27 23:00:32","Moving",0,-17.8335166666667,25.7122,0,0
"2019-05-28 00:00:32","Moving",0,-17.83365,25.7118833333333,0,0
"2019-05-28 01:00:32","Moving",0,-17.8335833333333,25.7117833333333,0,0
"2019-05-28 02:00:32","Moving",0,-17.83415,25.7133166666667,0,0
"2019-05-28 03:00:35","Moving",0,-17.8362333333333,25.7116666666667,0,0
"2019-05-28 04:00:32","Moving",0,-17.8362166666667,25.7116666666667,0,0
"2019-05-28 05:00:32","Moving",0,-17.8362833333333,25.71175,0,0
"2019-05-28 06:00:32","Moving",0,-17.8363833333333,25.7117833333333,0,0
"2019-05-28 07:00:32","Moving",0,-17.8363166666667,25.7114166666667,0,0
"2019-05-28 08:00:32","Moving",0,-17.8365,25.7113,0,0
"2019-05-28 09:00:32","Moving",0,-17.83565,25.7105666666667,0,0
"2019-05-28 10:00:32","Moving",0,-17.8353166666667,25.7081333333333,0,0
"2019-05-28 11:00:32","Moving",0,-17.8360833333333,25.7084333333333,0,0
"2019-05-28 12:00:32","Moving",0,-17.8369166666667,25.7097666666667,0,0
"2019-05-28 13:00:32","Moving",0,-17.8354333333333,25.7105166666667,0,0
"2019-05-28 14:00:51","Moving",0,-17.83505,25.7088,0,0
"2019-05-28 15:00:32","Moving",0,-17.83575,25.7083166666667,0,0
"2019-05-28 16:00:32","Moving",0,-17.83705,25.7103166666667,0,0
"2019-05-28 17:00:32","Moving",0,-17.8387166666667,25.7130833333333,0,0
"2019-05-28 18:00:32","Moving",0,-17.8379333333333,25.7134833333333,0,0
"2019-05-28 19:00:32","Moving",0,-17.8375166666667,25.7139666666667,0,0
"2019-05-28 20:00:32","Moving",0,-17.8376666666667,25.7143,0,0
"2019-05-28 21:00:32","Moving",0,-17.8378,25.7136,0,0
"2019-05-28 22:00:32","Moving",0,-17.8386333333333,25.71205,0,0
"2019-05-28 23:00:32","Moving",0,-17.8385666666667,25.7113,0,0
"2019-05-29 00:00:32","Moving",0,-17.8379333333333,25.7114666666667,0,0
"2019-05-29 01:00:32","Moving",0,-17.8379333333333,25.7113833333333,0,0
"2019-05-29 02:00:32","Moving",0,-17.8379,25.7114166666667,0,0
"2019-05-29 03:01:02","Moving",0,-17.8379333333333,25.71135,0,0
"2019-05-29 04:00:32","Moving",0,-17.8368333333333,25.7120833333333,0,0
"2019-05-29 05:01:21","Moving",0,-17.8367166666667,25.7119833333333,0,0
"2019-05-29 06:00:32","Moving",0,-17.8368333333333,25.7120166666667,0,0
"2019-05-29 07:00:32","Moving",0,-17.83615,25.7114166666667,0,0
"2019-05-29 08:00:32","Moving",0,-17.8357666666667,25.7099833333333,0,0
"2019-05-29 09:00:32","Moving",0,-17.8354666666667,25.7083333333333,0,0
"2019-05-29 10:00:32","Moving",0,-17.8351,25.7081166666667,0,0
"2019-05-29 11:00:32","Moving",0,-17.8358,25.7081833333333,0,0
"2019-05-29 12:00:32","Moving",0,-17.8366666666667,25.7073,0,0
"2019-05-29 13:00:32","Moving",0,-17.8368666666667,25.7079666666667,0,0
"2019-05-29 14:00:32","Moving",0,-17.8370166666667,25.7091333333333,0,0
"2019-05-29 15:00:32","Moving",0,-17.83625,25.7093,0,0
"2019-05-29 16:00:32","Moving",0,-17.83555,25.7099333333333,0,0
"2019-05-29 17:00:32","Moving",0,-17.8354166666667,25.7082,0,0
"2019-05-29 18:00:32","Moving",0,-17.8363333333333,25.7066166666667,0,0
"2019-05-29 19:00:32","Moving",0,-17.8367,25.7075666666667,0,0
"2019-05-29 20:00:32","Moving",0,-17.8368333333333,25.7077833333333,0,0
"2019-05-29 21:00:32","Moving",0,-17.8365166666667,25.7086,0,0
"2019-05-29 22:00:32","Moving",0,-17.8372333333333,25.7091666666667,0,0
"2019-05-29 23:00:32","Moving",0,-17.8372833333333,25.70915,0,0
"2019-05-30 00:00:32","Moving",0,-17.8372166666667,25.7091666666667,0,0
"2019-05-30 01:00:32","Moving",0,-17.8372166666667,25.7103166666667,0,0
"2019-05-30 02:00:32","Moving",0,-17.83865,25.71225,0,0
"2019-05-30 03:00:33","Moving",0,-17.8383,25.7130666666667,0,0
"2019-05-30 04:00:34","Moving",0,-17.8382833333333,25.7131166666667,0,0
"2019-05-30 05:00:33","Moving",0,-17.83825,25.7130333333333,0,0
"2019-05-30 06:00:59","Moving",0,-17.8383333333333,25.71305,0,0
"2019-05-30 07:00:32","Moving",0,-17.8382666666667,25.7134,0,0
"2019-05-30 09:00:32","Moving",0,-17.8355,25.7083166666667,0,0
"2019-05-30 10:00:32","Moving",0,-17.8354833333333,25.7082333333333,0,0
"2019-05-30 11:00:32","Moving",0,-17.83515,25.7085,0,0
"2019-05-30 12:00:32","Moving",0,-17.8350333333333,25.7095833333333,0,0
"2019-05-30 13:00:32","Moving",0,-17.8356833333333,25.7104833333333,0,0
"2019-05-30 14:00:32","Moving",0,-17.8365,25.7113166666667,0,0
"2019-05-30 15:00:32","Moving",0,-17.8387,25.7135333333333,0,0
"2019-05-30 16:00:32","Moving",0,-17.8389833333333,25.7146666666667,0,0
"2019-05-30 17:00:32","Moving",0,-17.8385333333333,25.7146,0,0
"2019-05-30 18:00:32","Moving",0,-17.8371,25.7138833333333,0,0
"2019-05-30 19:00:32","Moving",0,-17.83435,25.7136666666667,0,0
"2019-05-30 20:00:32","Moving",0,-17.8336666666667,25.7129333333333,0,0
"2019-05-30 21:00:32","Moving",0,-17.8334333333333,25.71265,0,0
"2019-05-30 22:00:32","Moving",0,-17.8337166666667,25.7123,0,0
"2019-05-30 23:00:32","Moving",0,-17.8335166666667,25.7118166666667,0,0
"2019-05-31 00:00:32","Moving",0,-17.8334166666667,25.7116833333333,0,0
"2019-05-31 01:00:32","Moving",0,-17.8336,25.7116666666667,0,0
"2019-05-31 02:00:32","Moving",0,-17.8337166666667,25.71245,0,0
"2019-05-31 03:00:32","Moving",0,-17.8337333333333,25.7124833333333,0,0
"2019-05-31 04:00:36","Moving",0,-17.8333833333333,25.7131833333333,0,0
"2019-05-31 05:00:32","Moving",0,-17.8360333333333,25.7122666666667,0,0
"2019-05-31 06:00:32","Moving",0,-17.83665,25.7120666666667,0,0
"2019-05-31 07:00:32","Moving",0,-17.8366833333333,25.7120166666667,0,0
"2019-05-31 09:00:32","Moving",0,-17.8359666666667,25.71145,0,0
"2019-05-31 10:00:32","Moving",0,-17.836,25.71105,0,0
"2019-05-31 11:00:32","Moving",0,-17.83545,25.70975,0,0
"2019-05-31 12:00:32","Moving",0,-17.8351,25.70815,0,0
"2019-05-31 13:00:32","Moving",0,-17.8368333333333,25.7101333333333,0,0
"2019-05-31 14:00:32","Moving",0,-17.838,25.7126333333333,0,0
"2019-05-31 15:00:32","Moving",0,-17.8389333333333,25.7161333333333,0,0
"2019-05-31 16:00:32","Moving",0,-17.8393333333333,25.71675,0,0
"2019-05-31 17:00:32","Moving",0,-17.8390333333333,25.7163166666667,0,0
"2019-05-31 18:00:32","Moving",0,-17.8379333333333,25.71505,0,0
"2019-05-31 19:00:32","Moving",0,-17.837,25.7155333333333,0,0
"2019-05-31 20:00:32","Moving",0,-17.8375,25.7168333333333,0,0
"2019-05-31 21:00:32","Moving",0,-17.8371666666667,25.71635,0,0
"2019-05-31 22:00:32","Moving",0,-17.8369833333333,25.7162833333333,0,0
"2019-05-31 23:00:32","Moving",0,-17.83715,25.71665,0,0
