"Time","Status","Speed","Latitude","Longitude","Altitude","Heading"
"2021-03-01 00:00:32","Moving",0,-17.9134333333333,25.7583166666667,0,0
"2021-03-01 01:01:33","Moving",0,-17.9133166666667,25.7583166666667,0,0
"2021-03-01 02:00:33","Moving",0,-17.9134166666667,25.7583333333333,0,0
"2021-03-01 03:00:34","Moving",0,-17.9134333333333,25.7583,0,0
"2021-03-01 04:00:32","Moving",0,-17.9136166666667,25.7583166666667,0,0
"2021-03-01 05:00:32","Moving",0,-17.91355,25.7582833333333,0,0
"2021-03-01 06:00:32","Moving",0,-17.9135666666667,25.7583,0,0
"2021-03-01 07:00:32","Moving",0,-17.9135666666667,25.75805,0,0
"2021-03-01 08:00:32","Moving",0,-17.9135833333333,25.76135,0,0
"2021-03-01 09:00:32","Moving",0,-17.9115833333333,25.7648166666667,0,0
"2021-03-01 10:00:32","Moving",0,-17.9077333333333,25.7693333333333,0,0
"2021-03-01 11:00:32","Moving",0,-17.9022833333333,25.7753833333333,0,0
"2021-03-01 12:00:32","Moving",0,-17.9006166666667,25.7775166666667,0,0
"2021-03-01 13:00:32","Moving",0,-17.8994333333333,25.7784833333333,0,0
"2021-03-01 14:00:32","Moving",0,-17.9,25.7828166666667,0,0
"2021-03-01 15:00:32","Moving",0,-17.9012333333333,25.7851666666667,0,0
"2021-03-01 16:00:32","Moving",0,-17.90215,25.7865166666667,0,0
"2021-03-01 17:00:32","Moving",0,-17.9014333333333,25.7874666666667,0,0
"2021-03-01 18:00:32","Moving",0,-17.90455,25.7888666666667,0,0
"2021-03-01 19:00:32","Moving",0,-17.90435,25.79335,0,0
"2021-03-01 20:00:32","Moving",0,-17.9074833333333,25.7920166666667,0,0
"2021-03-01 21:00:32","Moving",0,-17.90795,25.7919666666667,0,0
"2021-03-01 22:00:32","Moving",0,-17.9135,25.7910666666667,0,0
"2021-03-01 23:00:32","Moving",0,-17.913,25.7916833333333,0,0
"2021-03-02 00:00:32","Moving",0,-17.9130166666667,25.7913666666667,0,0
"2021-03-02 01:00:32","Moving",0,-17.91315,25.7914,0,0
"2021-03-02 02:00:32","Moving",0,-17.9131,25.79245,0,0
"2021-03-02 03:00:32","Moving",0,-17.9136666666667,25.7918333333333,0,0
"2021-03-02 04:00:32","Moving",0,-17.9159666666667,25.7872166666667,0,0
"2021-03-02 05:00:32","Moving",0,-17.9161666666667,25.7865333333333,0,0
"2021-03-02 06:00:32","Moving",0,-17.9162666666667,25.78645,0,0
"2021-03-02 07:00:32","Moving",0,-17.9160333333333,25.7862333333333,0,0
"2021-03-02 08:00:32","Moving",0,-17.9157666666667,25.7863333333333,0,0
"2021-03-02 09:00:32","Moving",0,-17.9151333333333,25.7862166666667,0,0
"2021-03-02 10:00:32","Moving",0,-17.9133833333333,25.7866166666667,0,0
"2021-03-02 11:00:32","Moving",0,-17.9125166666667,25.78675,0,0
"2021-03-02 12:00:32","Moving",0,-17.9109333333333,25.78695,0,0
"2021-03-02 13:00:32","Moving",0,-17.9085333333333,25.7877333333333,0,0
"2021-03-02 14:00:32","Moving",0,-17.90835,25.7877666666667,0,0
"2021-03-02 15:00:32","Moving",0,-17.90785,25.78765,0,0
"2021-03-02 16:00:32","Moving",0,-17.9079,25.7877333333333,0,0
"2021-03-02 17:00:32","Moving",0,-17.908,25.7881333333333,0,0
"2021-03-02 18:00:32","Moving",0,-17.9083166666667,25.7879666666667,0,0
"2021-03-02 19:00:32","Moving",0,-17.9080666666667,25.7840666666667,0,0
"2021-03-02 20:00:32","Moving",0,-17.9111,25.7829833333333,0,0
"2021-03-02 23:00:32","Moving",0,-17.9149333333333,25.7795833333333,0,0
"2021-03-03 00:00:32","Moving",0,-17.9162,25.7793,0,0
"2021-03-03 01:00:32","Moving",0,-17.9185166666667,25.7774833333333,0,0
"2021-03-03 02:00:32","Moving",0,-17.9198833333333,25.7765833333333,0,0
"2021-03-03 03:00:32","Moving",0,-17.9199166666667,25.77675,0,0
"2021-03-03 04:00:32","Moving",0,-17.9204,25.7765166666667,0,0
"2021-03-03 05:00:32","Moving",0,-17.9212666666667,25.7765833333333,0,0
"2021-03-03 06:00:32","Moving",0,-17.9215166666667,25.77655,0,0
"2021-03-03 07:00:32","Moving",0,-17.9207666666667,25.7762333333333,0,0
"2021-03-03 08:00:32","Moving",0,-17.9202833333333,25.7762833333333,0,0
"2021-03-03 09:00:32","Moving",0,-17.9203,25.7762833333333,0,0
"2021-03-03 10:00:32","Moving",0,-17.9195833333333,25.7755833333333,0,0
"2021-03-03 11:00:32","Moving",0,-17.9194333333333,25.7755166666667,0,0
"2021-03-03 12:00:32","Moving",0,-17.9191666666667,25.77615,0,0
"2021-03-03 13:00:32","Moving",0,-17.9192,25.7765333333333,0,0
"2021-03-03 14:00:32","Moving",0,-17.9187,25.7763833333333,0,0
"2021-03-03 15:00:32","Moving",0,-17.9183,25.7761166666667,0,0
"2021-03-03 16:00:32","Moving",0,-17.9171,25.7752333333333,0,0
"2021-03-03 17:00:32","Moving",0,-17.9170666666667,25.77485,0,0
"2021-03-03 18:00:32","Moving",0,-17.91685,25.77455,0,0
"2021-03-03 19:00:32","Moving",0,-17.9171,25.77345,0,0
"2021-03-03 20:00:32","Moving",0,-17.9173166666667,25.77365,0,0
"2021-03-03 21:00:32","Moving",0,-17.9176,25.775,0,0
"2021-03-03 22:00:32","Moving",0,-17.9186166666667,25.77575,0,0
"2021-03-03 23:00:32","Moving",0,-17.9194666666667,25.7754833333333,0,0
"2021-03-04 00:00:32","Moving",0,-17.9201,25.77505,0,0
"2021-03-04 01:00:32","Moving",0,-17.9209666666667,25.7743833333333,0,0
"2021-03-04 02:00:32","Moving",0,-17.9215666666667,25.7725333333333,0,0
"2021-03-04 03:00:32","Moving",0,-17.9224166666667,25.7705,0,0
"2021-03-04 04:00:32","Moving",0,-17.9227,25.7699833333333,0,0
"2021-03-04 05:00:32","Moving",0,-17.9226833333333,25.77,0,0
"2021-03-04 06:00:32","Moving",0,-17.9237,25.7687,0,0
"2021-03-04 07:00:32","Moving",0,-17.9271833333333,25.7658833333333,0,0
"2021-03-04 08:00:32","Moving",0,-17.9293833333333,25.76555,0,0
"2021-03-04 09:00:32","Moving",0,-17.9308666666667,25.7648,0,0
"2021-03-04 10:00:32","Moving",0,-17.9312666666667,25.7648166666667,0,0
"2021-03-04 11:00:32","Moving",0,-17.9315166666667,25.7645,0,0
"2021-03-04 12:00:32","Moving",0,-17.9321,25.7637333333333,0,0
"2021-03-04 13:00:32","Moving",0,-17.9329333333333,25.7631666666667,0,0
"2021-03-04 14:00:32","Moving",0,-17.9331333333333,25.7611333333333,0,0
"2021-03-04 15:00:32","Moving",0,-17.9323,25.7578833333333,0,0
"2021-03-04 16:00:32","Moving",0,-17.9301833333333,25.7593166666667,0,0
"2021-03-04 17:00:32","Moving",0,-17.9240666666667,25.7649,0,0
"2021-03-04 18:00:32","Moving",0,-17.91765,25.7688,0,0
"2021-03-04 19:00:32","Moving",0,-17.9141166666667,25.7709333333333,0,0
"2021-03-04 20:00:32","Moving",0,-17.9129333333333,25.7710333333333,0,0
"2021-03-04 21:00:32","Moving",0,-17.9122666666667,25.7714333333333,0,0
"2021-03-04 22:00:32","Moving",0,-17.9119,25.7715333333333,0,0
"2021-03-04 23:00:32","Moving",0,-17.9113666666667,25.7719333333333,0,0
"2021-03-05 00:00:32","Moving",0,-17.9111,25.77205,0,0
"2021-03-05 01:00:32","Moving",0,-17.9104666666667,25.7709666666667,0,0
"2021-03-05 02:00:32","Moving",0,-17.9106333333333,25.76985,0,0
"2021-03-05 03:00:32","Moving",0,-17.9129833333333,25.7667166666667,0,0
"2021-03-05 04:00:32","Moving",0,-17.9140833333333,25.7643333333333,0,0
"2021-03-05 05:00:32","Moving",0,-17.9192,25.7572,0,0
"2021-03-05 06:00:32","Moving",0,-17.9193166666667,25.7571166666667,0,0
"2021-03-05 07:00:32","Moving",0,-17.91935,25.7565333333333,0,0
"2021-03-05 08:00:32","Moving",0,-17.9183166666667,25.7551333333333,0,0
"2021-03-05 09:00:32","Moving",0,-17.9167333333333,25.7551666666667,0,0
"2021-03-05 10:00:32","Moving",0,-17.91675,25.7552,0,0
"2021-03-05 11:00:32","Moving",0,-17.9164333333333,25.7553333333333,0,0
"2021-03-05 12:00:32","Moving",0,-17.9127833333333,25.75805,0,0
"2021-03-05 13:00:32","Moving",0,-17.9037166666667,25.7646833333333,0,0
"2021-03-05 14:00:32","Moving",0,-17.8916,25.7654333333333,0,0
"2021-03-05 15:00:32","Moving",0,-17.88985,25.76475,0,0
"2021-03-05 16:00:32","Moving",0,-17.8898833333333,25.76475,0,0
"2021-03-05 18:00:32","Moving",0,-17.8897666666667,25.7648333333333,0,0
"2021-03-05 19:00:32","Moving",0,-17.88995,25.7649666666667,0,0
"2021-03-05 20:00:32","Moving",0,-17.8894333333333,25.76485,0,0
"2021-03-05 21:00:32","Moving",0,-17.889,25.76485,0,0
"2021-03-05 22:00:32","Moving",0,-17.8870666666667,25.7638,0,0
"2021-03-05 23:00:32","Moving",0,-17.8844666666667,25.7631166666667,0,0
"2021-03-06 00:00:32","Moving",0,-17.88345,25.76295,0,0
"2021-03-06 01:00:32","Moving",0,-17.8830333333333,25.76305,0,0
"2021-03-06 02:00:32","Moving",0,-17.8823833333333,25.7626,0,0
"2021-03-06 03:00:32","Moving",0,-17.88145,25.7622833333333,0,0
"2021-03-06 04:00:32","Moving",0,-17.88015,25.7631166666667,0,0
"2021-03-06 05:00:32","Moving",0,-17.87995,25.7629833333333,0,0
"2021-03-06 06:00:32","Moving",0,-17.8799333333333,25.763,0,0
"2021-03-06 07:00:32","Moving",0,-17.87995,25.763,0,0
"2021-03-06 08:00:32","Moving",0,-17.8796166666667,25.7636333333333,0,0
"2021-03-06 09:00:32","Moving",0,-17.8789333333333,25.7644333333333,0,0
"2021-03-06 10:00:32","Moving",0,-17.8770333333333,25.7657666666667,0,0
"2021-03-06 11:00:32","Moving",0,-17.872,25.7700166666667,0,0
"2021-03-06 12:00:32","Moving",0,-17.86885,25.7734,0,0
"2021-03-06 13:00:32","Moving",0,-17.8647833333333,25.77565,0,0
"2021-03-06 14:00:32","Moving",0,-17.86235,25.7790166666667,0,0
"2021-03-06 15:00:32","Moving",0,-17.8637333333333,25.7793833333333,0,0
"2021-03-06 16:00:32","Moving",0,-17.8620166666667,25.7786,0,0
"2021-03-06 17:00:32","Moving",0,-17.8625333333333,25.7752,0,0
"2021-03-06 18:00:32","Moving",0,-17.8634166666667,25.7732,0,0
"2021-03-06 19:00:32","Moving",0,-17.863,25.7729833333333,0,0
"2021-03-06 20:00:32","Moving",0,-17.85835,25.7722833333333,0,0
"2021-03-06 21:00:32","Moving",0,-17.85805,25.7723,0,0
"2021-03-06 22:00:32","Moving",0,-17.8589666666667,25.7729,0,0
"2021-03-06 23:00:32","Moving",0,-17.8597333333333,25.7726166666667,0,0
"2021-03-07 00:00:32","Moving",0,-17.8628333333333,25.76895,0,0
"2021-03-07 01:00:32","Moving",0,-17.8636166666667,25.7688666666667,0,0
"2021-03-07 02:00:32","Moving",0,-17.86395,25.769,0,0
"2021-03-07 03:00:32","Moving",0,-17.8644666666667,25.7685833333333,0,0
"2021-03-07 04:00:32","Moving",0,-17.8646833333333,25.7680666666667,0,0
"2021-03-07 05:00:32","Moving",0,-17.8648,25.7678333333333,0,0
"2021-03-07 06:00:32","Moving",0,-17.8648166666667,25.7678666666667,0,0
"2021-03-07 07:00:32","Moving",0,-17.8646833333333,25.7677833333333,0,0
"2021-03-07 08:00:32","Moving",0,-17.8657333333333,25.7688833333333,0,0
"2021-03-07 09:00:32","Moving",0,-17.8687333333333,25.7701333333333,0,0
"2021-03-07 10:00:32","Moving",0,-17.8690666666667,25.7704333333333,0,0
"2021-03-07 11:00:32","Moving",0,-17.8690666666667,25.77045,0,0
"2021-03-07 12:00:32","Moving",0,-17.8667333333333,25.7731333333333,0,0
"2021-03-07 13:00:32","Moving",0,-17.86115,25.7735,0,0
"2021-03-07 14:00:32","Moving",0,-17.85725,25.76825,0,0
"2021-03-07 15:00:32","Moving",0,-17.8567833333333,25.76375,0,0
"2021-03-07 16:00:32","Moving",0,-17.8567166666667,25.7641,0,0
"2021-03-07 19:00:32","Moving",0,-17.8581,25.7562166666667,0,0
"2021-03-07 20:00:32","Moving",0,-17.8641666666667,25.75275,0,0
"2021-03-07 21:00:32","Moving",0,-17.8674333333333,25.7524833333333,0,0
"2021-03-07 22:00:32","Moving",0,-17.8682833333333,25.75115,0,0
"2021-03-07 23:00:32","Moving",0,-17.8695,25.7505333333333,0,0
"2021-03-08 00:00:32","Moving",0,-17.8695666666667,25.7495666666667,0,0
"2021-03-08 01:00:32","Moving",0,-17.8712,25.7491333333333,0,0
"2021-03-08 02:00:32","Moving",0,-17.86725,25.7496666666667,0,0
"2021-03-08 03:00:32","Moving",0,-17.8646833333333,25.7521333333333,0,0
"2021-03-08 04:00:32","Moving",0,-17.8642833333333,25.7521166666667,0,0
"2021-03-08 05:00:32","Moving",0,-17.86235,25.7529166666667,0,0
"2021-03-08 06:00:51","Moving",0,-17.8623666666667,25.7529333333333,0,0
"2021-03-08 07:00:32","Moving",0,-17.8611666666667,25.7529166666667,0,0
"2021-03-08 08:00:32","Moving",0,-17.8620333333333,25.7497333333333,0,0
"2021-03-08 09:00:32","Moving",0,-17.8612333333333,25.7498833333333,0,0
"2021-03-08 10:00:32","Moving",0,-17.8552,25.7532833333333,0,0
"2021-03-08 11:00:32","Moving",0,-17.8528333333333,25.7583,0,0
"2021-03-08 12:00:32","Moving",0,-17.85445,25.7594,0,0
"2021-03-08 13:00:32","Moving",0,-17.8556333333333,25.7617666666667,0,0
"2021-03-08 14:00:33","Moving",0,-17.85575,25.7623666666667,0,0
"2021-03-08 15:00:32","Moving",0,-17.85575,25.76215,0,0
"2021-03-08 16:00:32","Moving",0,-17.8555833333333,25.7624,0,0
"2021-03-08 17:00:32","Moving",0,-17.8559,25.7626333333333,0,0
"2021-03-08 19:00:16","Moving",0,-17.8556666666667,25.7626,0,0
"2021-03-08 20:00:32","Moving",0,-17.8562166666667,25.7626166666667,0,0
"2021-03-08 21:00:32","Moving",0,-17.8567833333333,25.7622833333333,0,0
"2021-03-08 22:00:32","Moving",0,-17.8594333333333,25.7629333333333,0,0
"2021-03-08 23:00:32","Moving",0,-17.86385,25.7613,0,0
"2021-03-09 00:00:32","Moving",0,-17.8659,25.76375,0,0
"2021-03-09 01:00:32","Moving",0,-17.8661333333333,25.7631833333333,0,0
"2021-03-09 02:00:32","Moving",0,-17.8681333333333,25.76025,0,0
"2021-03-09 03:00:32","Moving",0,-17.87195,25.7593666666667,0,0
"2021-03-09 04:00:32","Moving",0,-17.8719833333333,25.7593666666667,0,0
"2021-03-09 05:00:32","Moving",0,-17.8719666666667,25.7593333333333,0,0
"2021-03-09 06:00:32","Moving",0,-17.8719666666667,25.7595,0,0
"2021-03-09 07:00:31","Moving",0,-17.8723,25.7595833333333,0,0
"2021-03-09 08:00:32","Moving",0,-17.8749833333333,25.7609,0,0
"2021-03-09 09:00:32","Moving",0,-17.8753,25.7685666666667,0,0
"2021-03-09 10:00:32","Moving",0,-17.8727666666667,25.77385,0,0
"2021-03-09 11:00:32","Moving",0,-17.8718833333333,25.7729,0,0
"2021-03-09 12:00:32","Moving",0,-17.8629166666667,25.77615,0,0
"2021-03-09 13:01:56","Moving",0,-17.8624,25.7790833333333,0,0
"2021-03-09 14:01:03","Moving",0,-17.86205,25.7781,0,0
"2021-03-09 15:00:32","Moving",0,-17.8634833333333,25.7731166666667,0,0
"2021-03-09 16:00:32","Moving",0,-17.8613833333333,25.7735333333333,0,0
"2021-03-09 17:00:32","Moving",0,-17.8605333333333,25.77215,0,0
"2021-03-09 18:00:32","Moving",0,-17.8603833333333,25.7723666666667,0,0
"2021-03-09 21:00:32","Moving",0,-17.8621166666667,25.77075,0,0
"2021-03-09 22:00:32","Moving",0,-17.8618166666667,25.7695666666667,0,0
"2021-03-09 23:00:32","Moving",0,-17.8665,25.7647333333333,0,0
"2021-03-10 00:00:32","Moving",0,-17.8703,25.7624333333333,0,0
"2021-03-10 01:00:32","Moving",0,-17.8698833333333,25.7590166666667,0,0
"2021-03-10 02:00:32","Moving",0,-17.87095,25.75825,0,0
"2021-03-10 03:00:32","Moving",0,-17.8722333333333,25.7569,0,0
"2021-03-10 04:00:32","Moving",0,-17.8729833333333,25.7562166666667,0,0
"2021-03-10 05:00:32","Moving",0,-17.873,25.7562166666667,0,0
"2021-03-10 06:00:32","Moving",0,-17.8729666666667,25.75625,0,0
"2021-03-10 07:00:32","Moving",0,-17.87315,25.75625,0,0
"2021-03-10 08:00:32","Moving",0,-17.87415,25.7560833333333,0,0
"2021-03-10 09:00:32","Moving",0,-17.8742666666667,25.7637833333333,0,0
"2021-03-10 10:00:32","Moving",0,-17.8732,25.76635,0,0
"2021-03-10 11:00:32","Moving",0,-17.8733166666667,25.76685,0,0
"2021-03-10 12:00:32","Moving",0,-17.86275,25.7663333333333,0,0
"2021-03-10 13:00:32","Moving",0,-17.8562333333333,25.7685833333333,0,0
"2021-03-10 14:00:32","Moving",0,-17.85565,25.76605,0,0
"2021-03-10 15:00:32","Moving",0,-17.8567833333333,25.7605166666667,0,0
"2021-03-10 16:00:32","Moving",0,-17.8563,25.7595833333333,0,0
"2021-03-10 17:00:32","Moving",0,-17.8563166666667,25.7587,0,0
"2021-03-10 18:00:32","Moving",0,-17.8551,25.7580166666667,0,0
"2021-03-10 19:00:32","Moving",0,-17.85305,25.7581166666667,0,0
"2021-03-10 20:01:03","Moving",0,-17.8530166666667,25.7558666666667,0,0
"2021-03-10 21:00:32","Moving",0,-17.8566333333333,25.7514833333333,0,0
"2021-03-10 22:00:32","Moving",0,-17.8576666666667,25.7511333333333,0,0
"2021-03-10 23:00:32","Moving",0,-17.8584166666667,25.7513833333333,0,0
"2021-03-11 00:00:32","Moving",0,-17.8589166666667,25.7514666666667,0,0
"2021-03-11 01:00:32","Moving",0,-17.8592,25.7513833333333,0,0
"2021-03-11 02:00:32","Moving",0,-17.8594,25.7512333333333,0,0
"2021-03-11 03:00:32","Moving",0,-17.8595833333333,25.7511333333333,0,0
"2021-03-11 04:00:32","Moving",0,-17.8608166666667,25.7502833333333,0,0
"2021-03-11 05:00:32","Moving",0,-17.8608166666667,25.7502833333333,0,0
"2021-03-11 06:01:38","Moving",0,-17.8608333333333,25.7502833333333,0,0
"2021-03-11 07:00:32","Moving",0,-17.8634166666667,25.7465333333333,0,0
"2021-03-11 08:00:32","Moving",0,-17.8662,25.7389,0,0
"2021-03-11 09:00:32","Moving",0,-17.86115,25.7211833333333,0,0
"2021-03-11 10:00:32","Moving",0,-17.8586666666667,25.71755,0,0
"2021-03-11 11:00:32","Moving",0,-17.85815,25.71975,0,0
"2021-03-11 12:00:32","Moving",0,-17.8534666666667,25.71535,0,0
"2021-03-11 13:00:32","Moving",0,-17.8510333333333,25.7141,0,0
"2021-03-11 14:00:32","Moving",0,-17.8469166666667,25.71555,0,0
"2021-03-11 15:00:32","Moving",0,-17.8434666666667,25.7188166666667,0,0
"2021-03-11 16:00:32","Moving",0,-17.8440333333333,25.72595,0,0
"2021-03-11 17:00:32","Moving",0,-17.8439666666667,25.7249333333333,0,0
"2021-03-11 18:00:32","Moving",0,-17.8453166666667,25.72745,0,0
"2021-03-11 19:00:32","Moving",0,-17.8467666666667,25.7308,0,0
"2021-03-11 22:00:32","Moving",0,-17.8534,25.72895,0,0
"2021-03-11 23:00:32","Moving",0,-17.8566666666667,25.7221333333333,0,0
"2021-03-12 00:00:32","Moving",0,-17.8557833333333,25.72135,0,0
"2021-03-12 01:00:32","Moving",0,-17.8559166666667,25.7213833333333,0,0
"2021-03-12 02:00:32","Moving",0,-17.85565,25.7213,0,0
"2021-03-12 03:00:32","Moving",0,-17.8565166666667,25.7220666666667,0,0
"2021-03-12 04:00:32","Moving",0,-17.8572,25.7222,0,0
"2021-03-12 05:00:32","Moving",0,-17.8613333333333,25.7216,0,0
"2021-03-12 06:00:32","Moving",0,-17.8612666666667,25.7214833333333,0,0
"2021-03-12 07:00:32","Moving",0,-17.8618833333333,25.7219166666667,0,0
"2021-03-12 08:00:32","Moving",0,-17.8612,25.7207166666667,0,0
"2021-03-12 09:00:32","Moving",0,-17.8575166666667,25.7210833333333,0,0
"2021-03-12 10:00:32","Moving",0,-17.8524,25.72365,0,0
"2021-03-12 11:00:32","Moving",0,-17.8517,25.72325,0,0
"2021-03-12 12:00:32","Moving",0,-17.8490333333333,25.7232333333333,0,0
"2021-03-12 13:00:32","Moving",0,-17.8425,25.7246833333333,0,0
"2021-03-12 14:00:32","Moving",0,-17.84325,25.7232333333333,0,0
"2021-03-12 15:00:32","Moving",0,-17.84315,25.7229166666667,0,0
"2021-03-12 16:00:32","Moving",0,-17.8431166666667,25.7227,0,0
"2021-03-12 17:00:32","Moving",0,-17.8416666666667,25.7205833333333,0,0
"2021-03-12 18:00:32","Moving",0,-17.8441666666667,25.7183833333333,0,0
"2021-03-12 19:00:32","Moving",0,-17.8461,25.7141833333333,0,0
"2021-03-12 20:00:32","Moving",0,-17.8568666666667,25.7141833333333,0,0
"2021-03-12 21:00:32","Moving",0,-17.8582,25.7135,0,0
"2021-03-12 22:00:32","Moving",0,-17.8584666666667,25.71415,0,0
"2021-03-12 23:00:32","Moving",0,-17.86175,25.7143833333333,0,0
"2021-03-13 00:00:32","Moving",0,-17.8708166666667,25.7132666666667,0,0
"2021-03-13 01:00:32","Moving",0,-17.87605,25.7127833333333,0,0
"2021-03-13 02:00:32","Moving",0,-17.8773166666667,25.7131166666667,0,0
"2021-03-13 03:00:32","Moving",0,-17.8779666666667,25.71305,0,0
"2021-03-13 04:00:32","Moving",0,-17.8777666666667,25.7132333333333,0,0
"2021-03-13 05:00:32","Moving",0,-17.8777833333333,25.7132166666667,0,0
"2021-03-13 06:00:32","Moving",0,-17.87785,25.71295,0,0
"2021-03-13 07:00:32","Moving",0,-17.8783333333333,25.7133833333333,0,0
"2021-03-13 08:00:32","Moving",0,-17.8765333333333,25.7172666666667,0,0
"2021-03-13 09:00:32","Moving",0,-17.8755833333333,25.7191,0,0
"2021-03-13 10:00:32","Moving",0,-17.8721166666667,25.72255,0,0
"2021-03-13 11:00:32","Moving",0,-17.8669,25.7285,0,0
"2021-03-13 12:00:32","Moving",0,-17.8564333333333,25.736,0,0
"2021-03-13 13:01:00","Moving",0,-17.8473666666667,25.7333666666667,0,0
"2021-03-13 14:00:32","Moving",0,-17.8519833333333,25.7350333333333,0,0
"2021-03-13 15:00:32","Moving",0,-17.8547333333333,25.7357666666667,0,0
"2021-03-13 16:00:32","Moving",0,-17.8569,25.7397,0,0
"2021-03-13 17:00:32","Moving",0,-17.8573166666667,25.75,0,0
"2021-03-13 18:00:32","Moving",0,-17.8569666666667,25.7491166666667,0,0
"2021-03-13 19:00:32","Moving",0,-17.8539333333333,25.7478,0,0
"2021-03-13 20:00:32","Moving",0,-17.85295,25.7502833333333,0,0
"2021-03-13 21:00:32","Moving",0,-17.85365,25.7523833333333,0,0
"2021-03-13 22:00:32","Moving",0,-17.8544166666667,25.75235,0,0
"2021-03-13 23:00:32","Moving",0,-17.8620166666667,25.7437166666667,0,0
"2021-03-14 00:00:32","Moving",0,-17.8617666666667,25.7427166666667,0,0
"2021-03-14 01:00:32","Moving",0,-17.8628166666667,25.7423166666667,0,0
"2021-03-14 02:00:32","Moving",0,-17.8632,25.74135,0,0
"2021-03-14 03:00:32","Moving",0,-17.8635333333333,25.7411833333333,0,0
"2021-03-14 04:00:32","Moving",0,-17.86355,25.7411,0,0
"2021-03-14 05:00:32","Moving",0,-17.8635833333333,25.74115,0,0
"2021-03-14 06:00:32","Moving",0,-17.8636,25.7411166666667,0,0
"2021-03-14 07:00:32","Moving",0,-17.8662333333333,25.7424166666667,0,0
"2021-03-14 08:00:32","Moving",0,-17.8649,25.7533666666667,0,0
"2021-03-14 09:00:32","Moving",0,-17.8634666666667,25.7557833333333,0,0
"2021-03-14 10:00:32","Moving",0,-17.85555,25.7559666666667,0,0
"2021-03-14 11:00:32","Moving",0,-17.8535833333333,25.7586166666667,0,0
"2021-03-14 12:00:32","Moving",0,-17.8546166666667,25.7604666666667,0,0
"2021-03-14 13:00:32","Moving",0,-17.8558166666667,25.76255,0,0
"2021-03-14 14:00:32","Moving",0,-17.85635,25.7624666666667,0,0
"2021-03-14 15:00:32","Moving",0,-17.8565,25.7632166666667,0,0
"2021-03-14 16:00:32","Moving",0,-17.8563666666667,25.7639666666667,0,0
"2021-03-14 17:00:32","Moving",0,-17.8566166666667,25.76375,0,0
"2021-03-14 18:00:32","Moving",0,-17.8576,25.7639833333333,0,0
"2021-03-14 19:00:32","Moving",0,-17.8579833333333,25.76545,0,0
"2021-03-14 20:00:32","Moving",0,-17.8563333333333,25.7689666666667,0,0
"2021-03-14 23:00:32","Moving",0,-17.8590333333333,25.7689666666667,0,0
"2021-03-15 00:00:32","Moving",0,-17.85915,25.7689,0,0
"2021-03-15 01:00:32","Moving",0,-17.8597,25.7687666666667,0,0
"2021-03-15 02:00:32","Moving",0,-17.8610833333333,25.7679333333333,0,0
"2021-03-15 03:00:32","Moving",0,-17.8614166666667,25.7679,0,0
"2021-03-15 04:00:32","Moving",0,-17.8617833333333,25.7674666666667,0,0
"2021-03-15 05:00:32","Moving",0,-17.8619333333333,25.76745,0,0
"2021-03-15 06:00:32","Moving",0,-17.86205,25.7671333333333,0,0
"2021-03-15 07:00:32","Moving",0,-17.8635666666667,25.7686833333333,0,0
"2021-03-15 08:00:32","Moving",0,-17.8672,25.7693833333333,0,0
"2021-03-15 09:00:32","Moving",0,-17.8680666666667,25.768,0,0
"2021-03-15 10:00:32","Moving",0,-17.8684666666667,25.7697166666667,0,0
"2021-03-15 11:00:32","Moving",0,-17.8640666666667,25.7768833333333,0,0
"2021-03-15 12:00:32","Moving",0,-17.8617666666667,25.77855,0,0
"2021-03-15 13:00:32","Moving",0,-17.8622666666667,25.7786333333333,0,0
"2021-03-15 14:00:32","Moving",0,-17.8614,25.7760333333333,0,0
"2021-03-15 15:00:32","Moving",0,-17.8642333333333,25.77575,0,0
"2021-03-15 16:00:32","Moving",0,-17.86435,25.7744333333333,0,0
"2021-03-15 17:00:32","Moving",0,-17.8624,25.7698666666667,0,0
"2021-03-15 18:00:32","Moving",0,-17.8622666666667,25.76595,0,0
"2021-03-15 19:00:32","Moving",0,-17.86805,25.76545,0,0
"2021-03-15 20:00:32","Moving",0,-17.8689166666667,25.7649333333333,0,0
"2021-03-15 21:00:32","Moving",0,-17.8694,25.7647166666667,0,0
"2021-03-15 22:00:32","Moving",0,-17.8710833333333,25.7646666666667,0,0
"2021-03-15 23:00:32","Moving",0,-17.8700666666667,25.7615,0,0
"2021-03-16 00:00:32","Moving",0,-17.8703166666667,25.7598,0,0
"2021-03-16 01:00:32","Moving",0,-17.8733166666667,25.7584333333333,0,0
"2021-03-16 02:00:32","Moving",0,-17.8740666666667,25.7590666666667,0,0
"2021-03-16 03:00:32","Moving",0,-17.8748833333333,25.7619666666667,0,0
"2021-03-16 04:00:32","Moving",0,-17.8749,25.7619833333333,0,0
"2021-03-16 05:00:32","Moving",0,-17.87415,25.7570666666667,0,0
"2021-03-16 06:00:32","Moving",0,-17.8745833333333,25.7574166666667,0,0
"2021-03-16 07:00:32","Moving",0,-17.8747666666667,25.7615,0,0
"2021-03-16 08:00:32","Moving",0,-17.8763666666667,25.7645833333333,0,0
"2021-03-16 09:00:32","Moving",0,-17.8754333333333,25.7688,0,0
"2021-03-16 10:00:32","Moving",0,-17.8672166666667,25.7741666666667,0,0
"2021-03-16 11:00:33","Moving",0,-17.8620666666667,25.77835,0,0
"2021-03-16 12:00:32","Moving",0,-17.86225,25.7789666666667,0,0
"2021-03-16 13:00:32","Moving",0,-17.8643,25.7787833333333,0,0
"2021-03-16 14:00:32","Moving",0,-17.86695,25.781,0,0
"2021-03-16 15:00:32","Moving",0,-17.8671,25.7824333333333,0,0
"2021-03-16 16:00:32","Moving",0,-17.8668166666667,25.7822,0,0
"2021-03-16 17:00:32","Moving",0,-17.8680666666667,25.7794166666667,0,0
"2021-03-16 18:00:32","Moving",0,-17.8698166666667,25.7794833333333,0,0
"2021-03-16 19:00:32","Moving",0,-17.86985,25.7793333333333,0,0
"2021-03-16 20:00:32","Moving",0,-17.8685333333333,25.7773666666667,0,0
"2021-03-16 21:00:32","Moving",0,-17.87305,25.7713,0,0
"2021-03-16 22:00:32","Moving",0,-17.8744666666667,25.7699333333333,0,0
"2021-03-16 23:00:32","Moving",0,-17.8755333333333,25.7706166666667,0,0
"2021-03-17 00:00:32","Moving",0,-17.8755666666667,25.7706166666667,0,0
"2021-03-17 01:00:32","Moving",0,-17.8777833333333,25.7702666666667,0,0
"2021-03-17 02:00:32","Moving",0,-17.8828166666667,25.76885,0,0
"2021-03-17 03:00:32","Moving",0,-17.88255,25.7684833333333,0,0
"2021-03-17 04:00:32","Moving",0,-17.8830166666667,25.768,0,0
"2021-03-17 05:00:32","Moving",0,-17.8829833333333,25.7680166666667,0,0
"2021-03-17 06:00:32","Moving",0,-17.883,25.7680166666667,0,0
"2021-03-17 07:00:32","Moving",0,-17.88195,25.76765,0,0
"2021-03-17 08:00:32","Moving",0,-17.8792333333333,25.7678333333333,0,0
"2021-03-17 09:00:32","Moving",0,-17.8737166666667,25.7688,0,0
"2021-03-17 10:00:32","Moving",0,-17.8626833333333,25.7779,0,0
"2021-03-17 11:01:34","Moving",0,-17.8623666666667,25.7790166666667,0,0
"2021-03-17 12:00:32","Moving",0,-17.8626166666667,25.7783,0,0
"2021-03-17 13:00:32","Moving",0,-17.8612,25.7763166666667,0,0
"2021-03-17 14:00:32","Moving",0,-17.8622333333333,25.77335,0,0
"2021-03-17 15:00:32","Moving",0,-17.8582666666667,25.7649333333333,0,0
"2021-03-17 16:00:32","Moving",0,-17.8635666666667,25.7549666666667,0,0
"2021-03-17 17:00:32","Moving",0,-17.87835,25.7568166666667,0,0
"2021-03-17 18:00:32","Moving",0,-17.8819333333333,25.7595333333333,0,0
"2021-03-17 19:00:32","Moving",0,-17.8827166666667,25.7604833333333,0,0
"2021-03-17 20:00:32","Moving",0,-17.88175,25.7604166666667,0,0
"2021-03-17 21:00:32","Moving",0,-17.8814333333333,25.7601166666667,0,0
"2021-03-17 22:00:32","Moving",0,-17.8869666666667,25.7585833333333,0,0
"2021-03-17 23:00:32","Moving",0,-17.8870166666667,25.7566666666667,0,0
"2021-03-18 00:00:32","Moving",0,-17.8861833333333,25.756,0,0
"2021-03-18 01:00:32","Moving",0,-17.88895,25.7549166666667,0,0
"2021-03-18 02:00:33","Moving",0,-17.8899,25.7551333333333,0,0
"2021-03-18 03:00:32","Moving",0,-17.8899166666667,25.7551166666667,0,0
"2021-03-18 04:00:32","Moving",0,-17.8899,25.7551166666667,0,0
"2021-03-18 05:00:32","Moving",0,-17.88995,25.7552,0,0
"2021-03-18 06:00:32","Moving",0,-17.8924333333333,25.75455,0,0
"2021-03-18 07:00:32","Moving",0,-17.892,25.7553333333333,0,0
"2021-03-18 08:00:32","Moving",0,-17.8861166666667,25.7591833333333,0,0
"2021-03-18 09:00:32","Moving",0,-17.8871833333333,25.7605666666667,0,0
"2021-03-18 10:00:32","Moving",0,-17.8863833333333,25.7608833333333,0,0
"2021-03-18 11:00:32","Moving",0,-17.8865833333333,25.7608666666667,0,0
"2021-03-18 12:00:32","Moving",0,-17.8862,25.7616166666667,0,0
"2021-03-18 13:00:32","Moving",0,-17.8850666666667,25.7640333333333,0,0
"2021-03-18 14:00:32","Moving",0,-17.8819,25.7666166666667,0,0
"2021-03-18 15:00:32","Moving",0,-17.8819,25.7666333333333,0,0
"2021-03-18 16:00:32","Moving",0,-17.8823666666667,25.7673333333333,0,0
"2021-03-18 17:00:32","Moving",0,-17.88015,25.77045,0,0
"2021-03-18 19:00:32","Moving",0,-17.8632666666667,25.7795,0,0
"2021-03-18 20:00:32","Moving",0,-17.8646333333333,25.7785,0,0
"2021-03-18 21:00:32","Moving",0,-17.8679833333333,25.7737166666667,0,0
"2021-03-18 22:00:32","Moving",0,-17.8746,25.7716166666667,0,0
"2021-03-18 23:00:32","Moving",0,-17.8759333333333,25.7703333333333,0,0
"2021-03-19 00:00:32","Moving",0,-17.8774,25.7677666666667,0,0
"2021-03-19 01:00:32","Moving",0,-17.88155,25.7633166666667,0,0
"2021-03-19 02:00:32","Moving",0,-17.8820333333333,25.7644,0,0
"2021-03-19 03:00:32","Moving",0,-17.8798666666667,25.7663666666667,0,0
"2021-03-19 04:00:32","Moving",0,-17.87935,25.7662666666667,0,0
"2021-03-19 05:00:32","Moving",0,-17.8793666666667,25.7662333333333,0,0
"2021-03-19 06:00:31","Moving",0,-17.8793333333333,25.7662666666667,0,0
"2021-03-19 07:00:32","Moving",0,-17.8786166666667,25.7654166666667,0,0
"2021-03-19 08:00:32","Moving",0,-17.87935,25.7631166666667,0,0
"2021-03-19 09:00:32","Moving",0,-17.8745666666667,25.7621833333333,0,0
"2021-03-19 10:00:32","Moving",0,-17.8747666666667,25.7653666666667,0,0
"2021-03-19 11:00:32","Moving",0,-17.8720166666667,25.7695333333333,0,0
"2021-03-19 12:00:32","Moving",0,-17.8667333333333,25.77455,0,0
"2021-03-19 13:00:32","Moving",0,-17.8612833333333,25.7762833333333,0,0
"2021-03-19 14:00:32","Moving",0,-17.8620333333333,25.7770333333333,0,0
"2021-03-19 15:00:32","Moving",0,-17.8663,25.7744,0,0
"2021-03-19 16:00:32","Moving",0,-17.87545,25.7706333333333,0,0
"2021-03-19 17:00:32","Moving",0,-17.8848,25.7661,0,0
"2021-03-19 18:00:32","Moving",0,-17.88955,25.7586666666667,0,0
"2021-03-19 19:00:32","Moving",0,-17.88435,25.7574,0,0
"2021-03-19 20:00:32","Moving",0,-17.8902333333333,25.7564666666667,0,0
"2021-03-19 21:00:32","Moving",0,-17.8960833333333,25.76455,0,0
"2021-03-19 22:00:32","Moving",0,-17.8954833333333,25.7731,0,0
"2021-03-19 23:00:32","Moving",0,-17.9018666666667,25.77605,0,0
"2021-03-20 00:00:32","Moving",0,-17.9036833333333,25.7712333333333,0,0
"2021-03-20 01:00:32","Moving",0,-17.9052833333333,25.7687333333333,0,0
"2021-03-20 02:00:32","Moving",0,-17.9053833333333,25.76735,0,0
"2021-03-20 03:00:32","Moving",0,-17.9056333333333,25.7653833333333,0,0
"2021-03-20 04:00:32","Moving",0,-17.9054833333333,25.76515,0,0
"2021-03-20 05:00:35","Moving",0,-17.90545,25.7651333333333,0,0
"2021-03-20 06:00:33","Moving",0,-17.9054333333333,25.76515,0,0
"2021-03-20 07:00:32","Moving",0,-17.9052,25.76445,0,0
"2021-03-20 08:00:32","Moving",0,-17.9096666666667,25.7569166666667,0,0
"2021-03-20 09:00:32","Moving",0,-17.9094666666667,25.7559666666667,0,0
"2021-03-20 10:00:32","Moving",0,-17.9088333333333,25.7563833333333,0,0
"2021-03-20 11:00:32","Moving",0,-17.8992,25.7668666666667,0,0
"2021-03-20 12:00:32","Moving",0,-17.8933333333333,25.7736333333333,0,0
"2021-03-20 13:00:32","Moving",0,-17.8929166666667,25.7743666666667,0,0
"2021-03-20 14:00:32","Moving",0,-17.8918,25.7749,0,0
"2021-03-20 15:00:32","Moving",0,-17.8918666666667,25.7743666666667,0,0
"2021-03-20 16:00:32","Moving",0,-17.8912333333333,25.7712166666667,0,0
"2021-03-20 17:00:32","Moving",0,-17.8916166666667,25.7704333333333,0,0
"2021-03-20 18:00:32","Moving",0,-17.8924833333333,25.7654,0,0
"2021-03-20 19:00:32","Moving",0,-17.88935,25.7651833333333,0,0
"2021-03-20 20:00:32","Moving",0,-17.88885,25.7653666666667,0,0
"2021-03-20 21:00:32","Moving",0,-17.8882833333333,25.7651333333333,0,0
"2021-03-20 22:00:32","Moving",0,-17.8890666666667,25.7638166666667,0,0
"2021-03-20 23:00:32","Moving",0,-17.8904333333333,25.763,0,0
"2021-03-21 00:00:32","Moving",0,-17.89045,25.7630333333333,0,0
"2021-03-21 01:00:32","Moving",0,-17.8904833333333,25.7630666666667,0,0
"2021-03-21 02:00:32","Moving",0,-17.8905,25.763,0,0
"2021-03-21 03:01:04","Moving",0,-17.8904833333333,25.7629833333333,0,0
"2021-03-21 04:00:32","Moving",0,-17.89055,25.7629166666667,0,0
"2021-03-21 05:00:32","Moving",0,-17.8931,25.7593833333333,0,0
"2021-03-21 06:00:32","Moving",0,-17.89415,25.7584333333333,0,0
"2021-03-21 07:00:32","Moving",0,-17.8945333333333,25.7589166666667,0,0
"2021-03-21 08:00:32","Moving",0,-17.8955833333333,25.7573,0,0
"2021-03-21 09:00:32","Moving",0,-17.893,25.7614666666667,0,0
"2021-03-21 10:00:32","Moving",0,-17.88925,25.7695666666667,0,0
"2021-03-21 11:00:32","Moving",0,-17.8858,25.77825,0,0
"2021-03-21 12:00:32","Moving",0,-17.8839833333333,25.7837166666667,0,0
"2021-03-21 13:00:32","Moving",0,-17.8788166666667,25.7909,0,0
"2021-03-21 14:00:32","Moving",0,-17.8795833333333,25.7897,0,0
"2021-03-21 15:00:32","Moving",0,-17.88305,25.7896,0,0
"2021-03-21 16:00:32","Moving",0,-17.8830666666667,25.7897166666667,0,0
"2021-03-21 17:00:32","Moving",0,-17.8836333333333,25.7896666666667,0,0
"2021-03-21 19:00:32","Moving",0,-17.8847666666667,25.79015,0,0
"2021-03-21 20:00:32","Moving",0,-17.8864833333333,25.7890833333333,0,0
"2021-03-21 21:00:32","Moving",0,-17.89745,25.7837333333333,0,0
"2021-03-21 22:00:32","Moving",0,-17.9006,25.7844833333333,0,0
"2021-03-21 23:00:32","Moving",0,-17.9017166666667,25.7847166666667,0,0
"2021-03-22 00:00:32","Moving",0,-17.9027,25.7843166666667,0,0
"2021-03-22 01:00:32","Moving",0,-17.9043,25.7850833333333,0,0
"2021-03-22 02:00:32","Moving",0,-17.90545,25.7867833333333,0,0
"2021-03-22 03:00:32","Moving",0,-17.9054833333333,25.7891,0,0
"2021-03-22 04:00:32","Moving",0,-17.9054833333333,25.7890833333333,0,0
"2021-03-22 05:00:32","Moving",0,-17.90545,25.7891333333333,0,0
"2021-03-22 06:00:32","Moving",0,-17.9054666666667,25.7891,0,0
"2021-03-22 07:00:32","Moving",0,-17.9055666666667,25.7893666666667,0,0
"2021-03-22 08:00:32","Moving",0,-17.9045,25.7908,0,0
"2021-03-22 09:00:32","Moving",0,-17.9035666666667,25.7938166666667,0,0
"2021-03-22 10:00:32","Moving",0,-17.8979166666667,25.79845,0,0
"2021-03-22 11:00:32","Moving",0,-17.8925833333333,25.7993166666667,0,0
"2021-03-22 12:00:32","Moving",0,-17.8881166666667,25.8003333333333,0,0
"2021-03-22 13:00:32","Moving",0,-17.8846166666667,25.7992833333333,0,0
"2021-03-22 14:00:32","Moving",0,-17.8841166666667,25.7977166666667,0,0
"2021-03-22 15:00:32","Moving",0,-17.8827333333333,25.79605,0,0
"2021-03-22 16:00:32","Moving",0,-17.8810166666667,25.7908833333333,0,0
"2021-03-22 17:00:32","Moving",0,-17.8822333333333,25.7866,0,0
"2021-03-22 18:00:32","Moving",0,-17.8785,25.7760333333333,0,0
"2021-03-22 20:00:32","Moving",0,-17.8626333333333,25.7684833333333,0,0
"2021-03-22 21:00:32","Moving",0,-17.8619166666667,25.7695333333333,0,0
"2021-03-22 22:00:32","Moving",0,-17.8627,25.7661333333333,0,0
"2021-03-22 23:00:32","Moving",0,-17.8657333333333,25.7641333333333,0,0
"2021-03-23 00:00:32","Moving",0,-17.86485,25.76475,0,0
"2021-03-23 01:00:32","Moving",0,-17.86745,25.7664,0,0
"2021-03-23 02:00:32","Moving",0,-17.86795,25.7670166666667,0,0
"2021-03-23 03:00:32","Moving",0,-17.8683333333333,25.7676,0,0
"2021-03-23 04:00:32","Moving",0,-17.86915,25.7669166666667,0,0
"2021-03-23 05:00:32","Moving",0,-17.8718,25.7651166666667,0,0
"2021-03-23 06:00:32","Moving",0,-17.8718,25.7651,0,0
"2021-03-23 07:00:32","Moving",0,-17.87195,25.7655833333333,0,0
"2021-03-23 08:00:32","Moving",0,-17.8733,25.76735,0,0
"2021-03-23 09:00:32","Moving",0,-17.8724833333333,25.7700333333333,0,0
"2021-03-23 10:00:32","Moving",0,-17.8666666666667,25.7746166666667,0,0
"2021-03-23 11:00:32","Moving",0,-17.8622666666667,25.7789166666667,0,0
"2021-03-23 12:00:32","Moving",0,-17.8626666666667,25.7784666666667,0,0
"2021-03-23 13:00:32","Moving",0,-17.86625,25.77475,0,0
"2021-03-23 14:00:32","Moving",0,-17.87155,25.763,0,0
"2021-03-23 15:00:32","Moving",0,-17.8709333333333,25.7653833333333,0,0
"2021-03-23 16:00:32","Moving",0,-17.8707166666667,25.7656,0,0
"2021-03-23 17:00:32","Moving",0,-17.8707333333333,25.7658,0,0
"2021-03-23 18:00:32","Moving",0,-17.8705666666667,25.76635,0,0
"2021-03-23 19:00:32","Moving",0,-17.86975,25.7669833333333,0,0
"2021-03-23 20:00:32","Moving",0,-17.8709333333333,25.76745,0,0
"2021-03-23 21:00:32","Moving",0,-17.87105,25.7657166666667,0,0
"2021-03-23 22:00:32","Moving",0,-17.8714,25.7656166666667,0,0
"2021-03-23 23:00:32","Moving",0,-17.871,25.7655833333333,0,0
"2021-03-24 00:00:32","Moving",0,-17.8703833333333,25.7654833333333,0,0
"2021-03-24 01:00:32","Moving",0,-17.8721666666667,25.7671833333333,0,0
"2021-03-24 02:00:32","Moving",0,-17.8725,25.7671,0,0
"2021-03-24 03:00:33","Moving",0,-17.87345,25.7664333333333,0,0
"2021-03-24 04:00:32","Moving",0,-17.87345,25.7664666666667,0,0
"2021-03-24 05:00:32","Moving",0,-17.87345,25.76645,0,0
"2021-03-24 06:00:32","Moving",0,-17.8735,25.76655,0,0
"2021-03-24 07:00:32","Moving",0,-17.8740666666667,25.7744833333333,0,0
"2021-03-24 08:00:32","Moving",0,-17.87485,25.7767666666667,0,0
"2021-03-24 09:00:32","Moving",0,-17.87315,25.78885,0,0
"2021-03-24 10:00:34","Moving",0,-17.8731666666667,25.7900666666667,0,0
"2021-03-24 11:00:32","Moving",0,-17.87245,25.7901666666667,0,0
"2021-03-24 12:00:32","Moving",0,-17.8734333333333,25.78945,0,0
"2021-03-24 13:00:32","Moving",0,-17.8716166666667,25.7899,0,0
"2021-03-24 14:00:52","Moving",0,-17.8726166666667,25.7901,0,0
"2021-03-24 15:00:32","Moving",0,-17.8732666666667,25.7890333333333,0,0
"2021-03-24 16:00:32","Moving",0,-17.8716833333333,25.7861333333333,0,0
"2021-03-24 17:00:32","Moving",0,-17.8705333333333,25.7856333333333,0,0
"2021-03-24 18:00:32","Moving",0,-17.8699333333333,25.7838,0,0
"2021-03-24 19:00:32","Moving",0,-17.8683666666667,25.7799666666667,0,0
"2021-03-24 20:00:32","Moving",0,-17.8638166666667,25.7804666666667,0,0
"2021-03-24 21:00:32","Moving",0,-17.86715,25.7742333333333,0,0
"2021-03-24 22:00:32","Moving",0,-17.8692333333333,25.77195,0,0
"2021-03-24 23:00:32","Moving",0,-17.8682833333333,25.7684,0,0
"2021-03-25 00:00:32","Moving",0,-17.8692,25.7667666666667,0,0
"2021-03-25 01:00:32","Moving",0,-17.8694666666667,25.7661333333333,0,0
"2021-03-25 02:00:32","Moving",0,-17.8704,25.7654166666667,0,0
"2021-03-25 03:00:32","Moving",0,-17.87275,25.76315,0,0
"2021-03-25 04:00:32","Moving",0,-17.87275,25.7631333333333,0,0
"2021-03-25 05:00:32","Moving",0,-17.8726833333333,25.7631666666667,0,0
"2021-03-25 06:00:32","Moving",0,-17.8727166666667,25.7631333333333,0,0
"2021-03-25 07:00:32","Moving",0,-17.874,25.7629833333333,0,0
"2021-03-25 08:00:32","Moving",0,-17.8763666666667,25.7656833333333,0,0
"2021-03-25 09:00:32","Moving",0,-17.87405,25.7668333333333,0,0
"2021-03-25 10:00:32","Moving",0,-17.8645166666667,25.7731166666667,0,0
"2021-03-25 11:00:32","Moving",0,-17.8632333333333,25.7738333333333,0,0
"2021-03-25 12:00:32","Moving",0,-17.8602333333333,25.7671666666667,0,0
"2021-03-25 13:00:32","Moving",0,-17.8595666666667,25.7673833333333,0,0
"2021-03-25 14:00:32","Moving",0,-17.8546166666667,25.7668333333333,0,0
"2021-03-25 15:00:32","Moving",0,-17.8545666666667,25.7666166666667,0,0
"2021-03-25 16:00:32","Moving",0,-17.8559166666667,25.7623,0,0
"2021-03-25 17:00:32","Moving",0,-17.8576333333333,25.7592166666667,0,0
"2021-03-25 18:00:32","Moving",0,-17.8588833333333,25.75945,0,0
"2021-03-25 19:00:32","Moving",0,-17.8613833333333,25.7578166666667,0,0
"2021-03-25 20:00:32","Moving",0,-17.8629833333333,25.7597833333333,0,0
"2021-03-25 21:00:32","Moving",0,-17.8618833333333,25.76235,0,0
"2021-03-25 22:00:32","Moving",0,-17.8636166666667,25.7628833333333,0,0
"2021-03-25 23:00:32","Moving",0,-17.86445,25.7587166666667,0,0
"2021-03-26 00:00:32","Moving",0,-17.8636333333333,25.75755,0,0
"2021-03-26 01:00:32","Moving",0,-17.86445,25.7568166666667,0,0
"2021-03-26 02:00:32","Moving",0,-17.8656833333333,25.7553,0,0
"2021-03-26 03:00:32","Moving",0,-17.8660333333333,25.7547833333333,0,0
"2021-03-26 04:00:32","Moving",0,-17.8667333333333,25.7542666666667,0,0
"2021-03-26 05:00:32","Moving",0,-17.86995,25.7567166666667,0,0
"2021-03-26 06:00:32","Moving",0,-17.8699666666667,25.7567,0,0
"2021-03-26 07:00:32","Moving",0,-17.8722666666667,25.7557166666667,0,0
"2021-03-26 08:00:32","Moving",0,-17.8702166666667,25.7618,0,0
"2021-03-26 09:00:32","Moving",0,-17.8721833333333,25.7614666666667,0,0
"2021-03-26 10:00:32","Moving",0,-17.87415,25.7615833333333,0,0
"2021-03-26 11:00:32","Moving",0,-17.8774333333333,25.7645666666667,0,0
"2021-03-26 12:00:32","Moving",0,-17.87865,25.7661166666667,0,0
"2021-03-26 13:00:33","Moving",0,-17.87855,25.7662166666667,0,0
"2021-03-26 14:00:32","Moving",0,-17.8786333333333,25.7661333333333,0,0
"2021-03-26 15:00:32","Moving",0,-17.8785333333333,25.7663,0,0
"2021-03-26 16:00:32","Moving",0,-17.8771333333333,25.76675,0,0
"2021-03-26 17:00:32","Moving",0,-17.8711333333333,25.7721666666667,0,0
"2021-03-26 18:00:32","Moving",0,-17.86625,25.7718666666667,0,0
"2021-03-26 19:00:32","Moving",0,-17.8617666666667,25.7624,0,0
"2021-03-26 21:00:32","Moving",0,-17.85475,25.75455,0,0
"2021-03-26 22:00:32","Moving",0,-17.8574333333333,25.7557,0,0
"2021-03-26 23:00:32","Moving",0,-17.8689333333333,25.74945,0,0
"2021-03-27 00:00:32","Moving",0,-17.8680333333333,25.7465166666667,0,0
"2021-03-27 01:00:32","Moving",0,-17.8689,25.74275,0,0
"2021-03-27 02:00:32","Moving",0,-17.8712166666667,25.7422666666667,0,0
"2021-03-27 03:00:32","Moving",0,-17.8715333333333,25.7400666666667,0,0
"2021-03-27 04:00:32","Moving",0,-17.87525,25.7366,0,0
"2021-03-27 05:00:32","Moving",0,-17.8787166666667,25.7345833333333,0,0
"2021-03-27 06:00:32","Moving",0,-17.8804833333333,25.7323166666667,0,0
"2021-03-27 07:00:32","Moving",0,-17.8803333333333,25.7325166666667,0,0
"2021-03-27 08:00:32","Moving",0,-17.8825,25.7301166666667,0,0
"2021-03-27 09:00:32","Moving",0,-17.8848833333333,25.7285666666667,0,0
"2021-03-27 10:00:32","Moving",0,-17.88605,25.7287333333333,0,0
"2021-03-27 11:00:32","Moving",0,-17.8765666666667,25.7240833333333,0,0
"2021-03-27 12:00:32","Moving",0,-17.8675166666667,25.7189666666667,0,0
"2021-03-27 13:00:32","Moving",0,-17.8766,25.70365,0,0
"2021-03-27 14:00:32","Moving",0,-17.8844166666667,25.69685,0,0
"2021-03-27 15:00:32","Moving",0,-17.88725,25.6910833333333,0,0
"2021-03-27 16:00:32","Moving",0,-17.8883,25.6903,0,0
"2021-03-27 17:00:32","Moving",0,-17.8861666666667,25.7025333333333,0,0
"2021-03-27 18:00:32","Moving",0,-17.8872166666667,25.71365,0,0
"2021-03-27 19:00:32","Moving",0,-17.8855333333333,25.7215166666667,0,0
"2021-03-27 22:00:32","Moving",0,-17.8833333333333,25.7263833333333,0,0
"2021-03-27 23:00:32","Moving",0,-17.8765166666667,25.7253333333333,0,0
"2021-03-28 00:00:32","Moving",0,-17.8762333333333,25.7203,0,0
"2021-03-28 01:00:32","Moving",0,-17.8778166666667,25.71435,0,0
"2021-03-28 02:00:33","Moving",0,-17.8790166666667,25.7127,0,0
"2021-03-28 03:00:32","Moving",0,-17.87955,25.7128,0,0
"2021-03-28 04:00:32","Moving",0,-17.87955,25.7129,0,0
"2021-03-28 05:00:32","Moving",0,-17.8795333333333,25.7128833333333,0,0
"2021-03-28 06:00:32","Moving",0,-17.8795,25.7126166666667,0,0
"2021-03-28 07:00:32","Moving",0,-17.8748833333333,25.7132166666667,0,0
"2021-03-28 08:00:32","Moving",0,-17.8694833333333,25.7182333333333,0,0
"2021-03-28 09:00:32","Moving",0,-17.8637166666667,25.7215333333333,0,0
"2021-03-28 10:00:32","Moving",0,-17.85325,25.7245166666667,0,0
"2021-03-28 11:00:32","Moving",0,-17.8424,25.7252833333333,0,0
"2021-03-28 12:00:32","Moving",0,-17.8417333333333,25.7226,0,0
"2021-03-28 13:00:32","Moving",0,-17.84165,25.7215666666667,0,0
"2021-03-28 14:00:32","Moving",0,-17.8431833333333,25.72445,0,0
"2021-03-28 15:00:32","Moving",0,-17.84385,25.7238166666667,0,0
"2021-03-28 16:00:32","Moving",0,-17.8415833333333,25.7199833333333,0,0
"2021-03-28 17:00:32","Moving",0,-17.8420666666667,25.7182333333333,0,0
"2021-03-28 18:00:32","Moving",0,-17.8475166666667,25.7165666666667,0,0
"2021-03-28 19:00:32","Moving",0,-17.8497333333333,25.7151833333333,0,0
"2021-03-28 20:00:32","Moving",0,-17.8514166666667,25.71435,0,0
"2021-03-28 21:00:32","Moving",0,-17.8557166666667,25.7145166666667,0,0
"2021-03-28 22:00:32","Moving",0,-17.8575166666667,25.7150666666667,0,0
"2021-03-28 23:00:32","Moving",0,-17.8579333333333,25.7151666666667,0,0
"2021-03-29 00:00:32","Moving",0,-17.8590166666667,25.7148833333333,0,0
"2021-03-29 01:00:32","Moving",0,-17.86185,25.7144666666667,0,0
"2021-03-29 02:00:32","Moving",0,-17.8642666666667,25.7138,0,0
"2021-03-29 03:00:32","Moving",0,-17.8652833333333,25.7143,0,0
"2021-03-29 04:00:32","Moving",0,-17.8656,25.7149333333333,0,0
"2021-03-29 05:00:32","Moving",0,-17.8655833333333,25.715,0,0
"2021-03-29 06:00:32","Moving",0,-17.8656166666667,25.71495,0,0
"2021-03-29 07:00:32","Moving",0,-17.8657833333333,25.717,0,0
"2021-03-29 08:00:32","Moving",0,-17.8584833333333,25.71975,0,0
"2021-03-29 09:00:32","Moving",0,-17.85615,25.7236666666667,0,0
"2021-03-29 10:00:32","Moving",0,-17.8559166666667,25.72425,0,0
"2021-03-29 11:00:32","Moving",0,-17.8501666666667,25.7251833333333,0,0
"2021-03-29 12:00:34","Moving",0,-17.84265,25.72525,0,0
"2021-03-29 13:00:32","Moving",0,-17.8434333333333,25.7217166666667,0,0
"2021-03-29 14:00:32","Moving",0,-17.8422,25.7219833333333,0,0
"2021-03-29 15:00:32","Moving",0,-17.8415333333333,25.72025,0,0
"2021-03-29 16:00:32","Moving",0,-17.8445666666667,25.72035,0,0
"2021-03-29 17:00:32","Moving",0,-17.8491833333333,25.7196166666667,0,0
"2021-03-29 18:00:32","Moving",0,-17.8515333333333,25.7188166666667,0,0
"2021-03-29 19:00:32","Moving",0,-17.8526166666667,25.71785,0,0
"2021-03-29 20:00:32","Moving",0,-17.8538666666667,25.7182666666667,0,0
"2021-03-29 21:00:32","Moving",0,-17.8558166666667,25.7192,0,0
"2021-03-29 22:00:32","Moving",0,-17.8591833333333,25.7172333333333,0,0
"2021-03-29 23:00:32","Moving",0,-17.8611833333333,25.71775,0,0
"2021-03-30 00:00:32","Moving",0,-17.86345,25.7181666666667,0,0
"2021-03-30 01:00:32","Moving",0,-17.8663,25.7172166666667,0,0
"2021-03-30 02:00:32","Moving",0,-17.8676833333333,25.7174166666667,0,0
"2021-03-30 03:00:32","Moving",0,-17.8699666666667,25.7172333333333,0,0
"2021-03-30 04:00:33","Moving",0,-17.8700666666667,25.7172166666667,0,0
"2021-03-30 05:00:32","Moving",0,-17.87005,25.71725,0,0
"2021-03-30 06:00:32","Moving",0,-17.8701166666667,25.71725,0,0
"2021-03-30 07:00:32","Moving",0,-17.8699833333333,25.7175666666667,0,0
"2021-03-30 08:00:32","Moving",0,-17.8645333333333,25.7294,0,0
"2021-03-30 09:00:32","Moving",0,-17.8701333333333,25.75635,0,0
"2021-03-30 10:00:32","Moving",0,-17.8699333333333,25.7647666666667,0,0
"2021-03-30 11:00:32","Moving",0,-17.8661666666667,25.7747166666667,0,0
"2021-03-30 12:00:32","Moving",0,-17.8619333333333,25.7788,0,0
"2021-03-30 13:00:32","Moving",0,-17.86355,25.7766833333333,0,0
"2021-03-30 14:00:32","Moving",0,-17.8651,25.7741666666667,0,0
"2021-03-30 15:00:32","Moving",0,-17.8652166666667,25.7740333333333,0,0
"2021-03-30 16:00:32","Moving",0,-17.8600333333333,25.7711,0,0
"2021-03-30 17:00:32","Moving",0,-17.8587666666667,25.7695666666667,0,0
"2021-03-30 19:00:32","Moving",0,-17.8596166666667,25.7673,0,0
"2021-03-30 20:00:32","Moving",0,-17.86055,25.7652833333333,0,0
"2021-03-30 21:00:32","Moving",0,-17.8621833333333,25.7635666666667,0,0
"2021-03-30 22:00:32","Moving",0,-17.8598166666667,25.7618666666667,0,0
"2021-03-30 23:00:32","Moving",0,-17.8598666666667,25.7615666666667,0,0
"2021-03-31 00:00:32","Moving",0,-17.8598833333333,25.7613,0,0
"2021-03-31 01:00:32","Moving",0,-17.85925,25.7607,0,0
"2021-03-31 02:00:32","Moving",0,-17.8620833333333,25.7612833333333,0,0
"2021-03-31 03:00:32","Moving",0,-17.8720166666667,25.7573,0,0
"2021-03-31 04:00:32","Moving",0,-17.8745333333333,25.75795,0,0
"2021-03-31 05:00:32","Moving",0,-17.8755,25.7577,0,0
"2021-03-31 06:00:32","Moving",0,-17.8755,25.7576833333333,0,0
"2021-03-31 07:00:32","Moving",0,-17.8757,25.75765,0,0
"2021-03-31 08:00:32","Moving",0,-17.879,25.7599166666667,0,0
"2021-03-31 09:00:32","Moving",0,-17.8806833333333,25.7664166666667,0,0
"2021-03-31 10:00:32","Moving",0,-17.8679166666667,25.77215,0,0
"2021-03-31 11:00:32","Moving",0,-17.86125,25.7733666666667,0,0
"2021-03-31 12:01:03","Moving",0,-17.8591166666667,25.7739166666667,0,0
"2021-03-31 13:00:32","Moving",0,-17.8614166666667,25.7693833333333,0,0
"2021-03-31 14:00:32","Moving",0,-17.8610333333333,25.7680166666667,0,0
"2021-03-31 15:00:32","Moving",0,-17.8622,25.76705,0,0
"2021-03-31 16:00:32","Moving",0,-17.8602166666667,25.7649833333333,0,0
"2021-03-31 17:00:32","Moving",0,-17.8594166666667,25.7619666666667,0,0
"2021-03-31 18:00:32","Moving",0,-17.8598333333333,25.7611166666667,0,0
"2021-03-31 19:00:32","Moving",0,-17.8586833333333,25.7613666666667,0,0
"2021-03-31 20:00:32","Moving",0,-17.8584,25.7597333333333,0,0
"2021-03-31 21:00:32","Moving",0,-17.8579166666667,25.7599833333333,0,0
"2021-03-31 22:00:32","Moving",0,-17.8524666666667,25.7557,0,0
"2021-03-31 23:00:32","Moving",0,-17.8569833333333,25.7530166666667,0,0
