"","Date","Distance_to_Bull_1","Distance_to_Bull_2","Distance_to_Bull_3","Distance_to_Bull_4","Distance_to_Bull_5","Distance_to_Bull_6","Distance_to_Bull_7","Distance_to_Bull_8","Distance_to_Bull_9","Distance_to_Bull_10","Distance_to_Bull_12","Distance_to_Bull_13","Distance_to_Bull_14","Distance_to_Bull_15","Distance_to_Zambezi_River","Distance_to_Victoria_Falls","Circle"
"1",2019-05-01,NA,NA,NA,NA,NA,NA,NA,NA,NA,NA,NA,NA,NA,NA,NA,NA,NA
"2",2019-05-02,NA,NA,NA,NA,NA,NA,NA,NA,NA,NA,NA,NA,NA,NA,NA,NA,NA
"3",2019-05-03,NA,NA,NA,NA,NA,NA,NA,NA,NA,NA,NA,NA,NA,NA,NA,NA,NA
"4",2019-05-04,NA,NA,NA,NA,NA,NA,NA,NA,NA,NA,NA,NA,NA,NA,NA,NA,NA
"5",2019-05-05,NA,NA,NA,NA,NA,NA,NA,NA,NA,NA,NA,NA,NA,NA,NA,NA,NA
"6",2019-05-06,NA,NA,NA,NA,NA,NA,NA,NA,NA,NA,NA,NA,NA,NA,NA,NA,NA
"7",2019-05-07,NA,NA,NA,NA,NA,NA,NA,NA,NA,NA,NA,NA,NA,NA,NA,NA,NA
"8",2019-05-08,NA,NA,NA,NA,NA,NA,NA,NA,NA,NA,NA,NA,NA,NA,NA,NA,NA
"9",2019-05-09,NA,NA,NA,NA,NA,NA,NA,NA,NA,NA,NA,NA,NA,NA,NA,NA,NA
"10",2019-05-10,NA,NA,NA,NA,NA,NA,NA,NA,NA,NA,NA,NA,NA,NA,NA,NA,NA
"11",2019-05-11,NA,NA,NA,NA,NA,NA,NA,NA,NA,NA,NA,NA,NA,NA,NA,NA,NA
"12",2019-05-12,NA,NA,NA,NA,NA,NA,NA,NA,NA,NA,NA,NA,NA,NA,NA,NA,NA
"13",2019-05-13,NA,NA,NA,NA,NA,NA,NA,NA,NA,NA,NA,NA,NA,NA,NA,NA,NA
"14",2019-05-14,NA,NA,NA,NA,NA,NA,NA,NA,NA,NA,NA,NA,NA,NA,NA,NA,NA
"15",2019-05-15,NA,NA,NA,NA,NA,NA,NA,NA,NA,NA,NA,NA,NA,NA,NA,NA,NA
"16",2019-05-16,NA,NA,NA,NA,NA,NA,NA,NA,NA,NA,NA,NA,NA,NA,NA,NA,NA
"17",2019-05-17,NA,NA,NA,NA,NA,NA,NA,NA,NA,NA,NA,NA,NA,NA,NA,NA,NA
"18",2019-05-18,NA,NA,NA,NA,NA,NA,NA,NA,NA,NA,NA,NA,NA,NA,NA,NA,NA
"19",2019-05-19,NA,NA,NA,NA,NA,NA,NA,NA,NA,NA,NA,NA,NA,NA,NA,NA,NA
"20",2019-05-20,NA,NA,NA,NA,NA,NA,NA,NA,NA,NA,NA,NA,NA,NA,NA,NA,NA
"21",2019-05-21,NA,NA,NA,NA,NA,NA,NA,NA,NA,NA,NA,NA,NA,NA,NA,NA,NA
"22",2019-05-22,NA,NA,NA,NA,NA,NA,NA,NA,NA,NA,NA,NA,NA,NA,NA,NA,NA
"23",2019-05-23,NA,NA,NA,NA,NA,NA,NA,NA,NA,NA,NA,NA,NA,NA,NA,NA,NA
"24",2019-05-24,NA,NA,NA,NA,NA,NA,NA,NA,NA,NA,NA,NA,NA,NA,NA,NA,NA
"25",2019-05-25,NA,NA,NA,NA,NA,NA,NA,NA,NA,NA,NA,NA,NA,NA,NA,NA,NA
"26",2019-05-26,NA,NA,NA,NA,NA,NA,NA,NA,NA,NA,NA,NA,NA,NA,NA,NA,NA
"27",2019-05-27,NA,NA,NA,NA,NA,NA,NA,NA,NA,NA,NA,NA,NA,NA,NA,NA,NA
"28",2019-05-28,NA,NA,NA,NA,NA,NA,NA,NA,NA,NA,NA,NA,NA,NA,NA,NA,NA
"29",2019-05-29,NA,NA,NA,NA,NA,NA,NA,NA,NA,NA,NA,NA,NA,NA,NA,NA,NA
"30",2019-05-30,NA,NA,NA,NA,NA,NA,NA,NA,NA,NA,NA,NA,NA,NA,NA,NA,NA
"31",2019-05-31,NA,NA,NA,NA,NA,NA,NA,NA,NA,NA,NA,NA,NA,NA,NA,NA,NA
"32",2019-06-01,NA,NA,NA,NA,NA,NA,NA,NA,NA,NA,NA,NA,NA,NA,NA,NA,NA
"33",2019-06-02,NA,NA,NA,NA,NA,NA,NA,NA,NA,NA,NA,NA,NA,NA,NA,NA,NA
"34",2019-06-03,NA,NA,NA,NA,NA,NA,NA,NA,NA,NA,NA,NA,NA,NA,NA,NA,NA
"35",2019-06-04,NA,NA,NA,NA,NA,NA,NA,NA,NA,NA,NA,NA,NA,NA,NA,NA,NA
"36",2019-06-05,NA,NA,NA,NA,NA,NA,NA,NA,NA,NA,NA,NA,NA,NA,NA,NA,NA
"37",2019-06-06,NA,NA,NA,NA,NA,NA,NA,NA,NA,NA,NA,NA,NA,NA,NA,NA,NA
"38",2019-06-07,NA,NA,NA,NA,NA,NA,NA,NA,NA,NA,NA,NA,NA,NA,NA,NA,NA
"39",2019-06-08,NA,NA,NA,NA,NA,NA,NA,NA,NA,NA,NA,NA,NA,NA,NA,NA,NA
"40",2019-06-09,NA,NA,NA,NA,NA,NA,NA,NA,NA,NA,NA,NA,NA,NA,NA,NA,NA
"41",2019-06-10,NA,NA,NA,NA,NA,NA,NA,NA,NA,NA,NA,NA,NA,NA,NA,NA,NA
"42",2019-06-11,NA,NA,NA,NA,NA,NA,NA,NA,NA,NA,NA,NA,NA,NA,NA,NA,NA
"43",2019-06-12,NA,NA,NA,NA,NA,NA,NA,NA,NA,NA,NA,NA,NA,NA,NA,NA,NA
"44",2019-06-13,NA,NA,NA,NA,NA,NA,NA,NA,NA,NA,NA,NA,NA,NA,NA,NA,NA
"45",2019-06-14,NA,NA,NA,NA,NA,NA,NA,NA,NA,NA,NA,NA,NA,NA,NA,NA,NA
"46",2019-06-15,NA,NA,NA,NA,NA,NA,NA,NA,NA,NA,NA,NA,NA,NA,NA,NA,NA
"47",2019-06-16,NA,NA,NA,NA,NA,NA,NA,NA,NA,NA,NA,NA,NA,NA,NA,NA,NA
"48",2019-06-17,NA,NA,NA,NA,NA,NA,NA,NA,NA,NA,NA,NA,NA,NA,NA,NA,NA
"49",2019-06-18,NA,NA,NA,NA,NA,NA,NA,NA,NA,NA,NA,NA,NA,NA,NA,NA,NA
"50",2019-06-19,NA,NA,NA,NA,NA,NA,NA,NA,NA,NA,NA,NA,NA,NA,NA,NA,NA
"51",2019-06-20,NA,NA,NA,NA,NA,NA,NA,NA,NA,NA,NA,NA,NA,NA,NA,NA,NA
"52",2019-06-21,NA,NA,NA,NA,NA,NA,NA,NA,NA,NA,NA,NA,NA,NA,NA,NA,NA
"53",2019-06-22,NA,NA,NA,NA,NA,NA,NA,NA,NA,NA,NA,NA,NA,NA,NA,NA,NA
"54",2019-06-23,NA,NA,NA,NA,NA,NA,NA,NA,NA,NA,NA,NA,NA,NA,NA,NA,NA
"55",2019-06-24,NA,NA,NA,NA,NA,NA,NA,NA,NA,NA,NA,NA,NA,NA,NA,NA,NA
"56",2019-06-25,NA,NA,NA,NA,NA,NA,NA,NA,NA,NA,NA,NA,NA,NA,NA,NA,NA
"57",2019-06-26,NA,NA,NA,NA,NA,NA,NA,NA,NA,NA,NA,NA,NA,NA,NA,NA,NA
"58",2019-06-27,NA,NA,NA,NA,NA,NA,NA,NA,NA,NA,NA,NA,NA,NA,NA,NA,NA
"59",2019-06-28,NA,NA,NA,NA,NA,NA,NA,NA,NA,NA,NA,NA,NA,NA,NA,NA,NA
"60",2019-06-29,NA,NA,NA,NA,NA,NA,NA,NA,NA,NA,NA,NA,NA,NA,NA,NA,NA
"61",2019-06-30,NA,NA,NA,NA,NA,NA,NA,NA,NA,NA,NA,NA,NA,NA,NA,NA,NA
"62",2019-07-01,NA,NA,NA,NA,NA,NA,NA,NA,NA,NA,NA,NA,NA,NA,NA,NA,NA
"63",2019-07-02,NA,NA,NA,NA,NA,NA,NA,NA,NA,NA,NA,NA,NA,NA,NA,NA,NA
"64",2019-07-03,NA,NA,NA,NA,NA,NA,NA,NA,NA,NA,NA,NA,NA,NA,NA,NA,NA
"65",2019-07-04,NA,NA,NA,NA,NA,NA,NA,NA,NA,NA,NA,NA,NA,NA,NA,NA,NA
"66",2019-07-05,NA,NA,NA,NA,NA,NA,NA,NA,NA,NA,NA,NA,NA,NA,NA,NA,NA
"67",2019-07-06,NA,NA,NA,NA,NA,NA,NA,NA,NA,NA,NA,NA,NA,NA,NA,NA,NA
"68",2019-07-07,NA,NA,NA,NA,NA,NA,NA,NA,NA,NA,NA,NA,NA,NA,NA,NA,NA
"69",2019-07-08,NA,NA,NA,NA,NA,NA,NA,NA,NA,NA,NA,NA,NA,NA,NA,NA,NA
"70",2019-07-09,NA,NA,NA,NA,NA,NA,NA,NA,NA,NA,NA,NA,NA,NA,NA,NA,NA
"71",2019-07-10,NA,NA,NA,NA,NA,NA,NA,NA,NA,NA,NA,NA,NA,NA,NA,NA,NA
"72",2019-07-11,NA,NA,NA,NA,NA,NA,NA,NA,NA,NA,NA,NA,NA,NA,NA,NA,NA
"73",2019-07-12,NA,NA,NA,NA,NA,NA,NA,NA,NA,NA,NA,NA,NA,NA,NA,NA,NA
"74",2019-07-13,NA,NA,NA,NA,NA,NA,NA,NA,NA,NA,NA,NA,NA,NA,NA,NA,NA
"75",2019-07-14,NA,NA,NA,NA,NA,NA,NA,NA,NA,NA,NA,NA,NA,NA,NA,NA,NA
"76",2019-07-15,NA,NA,NA,NA,NA,NA,NA,NA,NA,NA,NA,NA,NA,NA,NA,NA,NA
"77",2019-07-16,NA,NA,NA,NA,NA,NA,NA,NA,NA,NA,NA,NA,NA,NA,NA,NA,NA
"78",2019-07-17,NA,NA,NA,NA,NA,NA,NA,NA,NA,NA,NA,NA,NA,NA,NA,NA,NA
"79",2019-07-18,NA,NA,NA,NA,NA,NA,NA,NA,NA,NA,NA,NA,NA,NA,NA,NA,NA
"80",2019-07-19,NA,NA,NA,NA,NA,NA,NA,NA,NA,NA,NA,NA,NA,NA,NA,NA,NA
"81",2019-07-20,NA,NA,NA,NA,NA,NA,NA,NA,NA,NA,NA,NA,NA,NA,NA,NA,NA
"82",2019-07-21,NA,NA,NA,NA,NA,NA,NA,NA,NA,NA,NA,NA,NA,NA,NA,NA,NA
"83",2019-07-22,NA,NA,NA,NA,NA,NA,NA,NA,NA,NA,NA,NA,NA,NA,NA,NA,NA
"84",2019-07-23,NA,NA,NA,NA,NA,NA,NA,NA,NA,NA,NA,NA,NA,NA,NA,NA,NA
"85",2019-07-24,NA,NA,NA,NA,NA,NA,NA,NA,NA,NA,NA,NA,NA,NA,NA,NA,NA
"86",2019-07-25,NA,NA,NA,NA,NA,NA,NA,NA,NA,NA,NA,NA,NA,NA,NA,NA,NA
"87",2019-07-26,NA,NA,NA,NA,NA,NA,NA,NA,NA,NA,NA,NA,NA,NA,NA,NA,NA
"88",2019-07-27,NA,NA,NA,NA,NA,NA,NA,NA,NA,NA,NA,NA,NA,NA,NA,NA,NA
"89",2019-07-28,NA,NA,NA,NA,NA,NA,NA,NA,NA,NA,NA,NA,NA,NA,NA,NA,NA
"90",2019-07-29,NA,NA,NA,NA,NA,NA,NA,NA,NA,NA,NA,NA,NA,NA,NA,NA,NA
"91",2019-07-30,NA,NA,NA,NA,NA,NA,NA,NA,NA,NA,NA,NA,NA,NA,NA,NA,NA
"92",2019-07-31,NA,NA,NA,NA,NA,NA,NA,NA,NA,NA,NA,NA,NA,NA,NA,NA,NA
"93",2019-08-01,NA,NA,NA,NA,NA,NA,NA,NA,NA,NA,NA,NA,NA,NA,NA,NA,NA
"94",2019-08-02,NA,NA,NA,NA,NA,NA,NA,NA,NA,NA,NA,NA,NA,NA,NA,NA,NA
"95",2019-08-03,NA,NA,NA,NA,NA,NA,NA,NA,NA,NA,NA,NA,NA,NA,NA,NA,NA
"96",2019-08-04,NA,NA,NA,NA,NA,NA,NA,NA,NA,NA,NA,NA,NA,NA,NA,NA,NA
"97",2019-08-05,NA,NA,NA,NA,NA,NA,NA,NA,NA,NA,NA,NA,NA,NA,NA,NA,NA
"98",2019-08-06,NA,NA,NA,NA,NA,NA,NA,NA,NA,NA,NA,NA,NA,NA,NA,NA,NA
"99",2019-08-07,NA,NA,NA,NA,NA,NA,NA,NA,NA,NA,NA,NA,NA,NA,NA,NA,NA
"100",2019-08-08,NA,NA,NA,NA,NA,NA,NA,NA,NA,NA,NA,NA,NA,NA,NA,NA,NA
"101",2019-08-09,NA,NA,NA,NA,NA,NA,NA,NA,NA,NA,NA,NA,NA,NA,NA,NA,NA
"102",2019-08-10,NA,NA,NA,NA,NA,NA,NA,NA,NA,NA,NA,NA,NA,NA,NA,NA,NA
"103",2019-08-11,NA,NA,NA,NA,NA,NA,NA,NA,NA,NA,NA,NA,NA,NA,NA,NA,NA
"104",2019-08-12,NA,NA,NA,NA,NA,NA,NA,NA,NA,NA,NA,NA,NA,NA,NA,NA,NA
"105",2019-08-13,NA,NA,NA,NA,NA,NA,NA,NA,NA,NA,NA,NA,NA,NA,NA,NA,NA
"106",2019-08-14,NA,NA,NA,NA,NA,NA,NA,NA,NA,NA,NA,NA,NA,NA,NA,NA,NA
"107",2019-08-15,NA,NA,NA,NA,NA,NA,NA,NA,NA,NA,NA,NA,NA,NA,NA,NA,NA
"108",2019-08-16,NA,NA,NA,NA,NA,NA,NA,NA,NA,NA,NA,NA,NA,NA,NA,NA,NA
"109",2019-08-17,NA,NA,NA,NA,NA,NA,NA,NA,NA,NA,NA,NA,NA,NA,NA,NA,NA
"110",2019-08-18,NA,NA,NA,NA,NA,NA,NA,NA,NA,NA,NA,NA,NA,NA,NA,NA,NA
"111",2019-08-19,NA,NA,NA,NA,NA,NA,NA,NA,NA,NA,NA,NA,NA,NA,NA,NA,NA
"112",2019-08-20,NA,NA,NA,NA,NA,NA,NA,NA,NA,NA,NA,NA,NA,NA,NA,NA,NA
"113",2019-08-21,NA,NA,NA,NA,NA,NA,NA,NA,NA,NA,NA,NA,NA,NA,NA,NA,NA
"114",2019-08-22,NA,NA,NA,NA,NA,NA,NA,NA,NA,NA,NA,NA,NA,NA,NA,NA,NA
"115",2019-08-23,NA,NA,NA,NA,NA,NA,NA,NA,NA,NA,NA,NA,NA,NA,NA,NA,NA
"116",2019-08-24,NA,NA,NA,NA,NA,NA,NA,NA,NA,NA,NA,NA,NA,NA,NA,NA,NA
"117",2019-08-25,NA,NA,NA,NA,NA,NA,NA,NA,NA,NA,NA,NA,NA,NA,NA,NA,NA
"118",2019-08-26,NA,NA,NA,NA,NA,NA,NA,NA,NA,NA,NA,NA,NA,NA,NA,NA,NA
"119",2019-08-27,NA,NA,NA,NA,NA,NA,NA,NA,NA,NA,NA,NA,NA,NA,NA,NA,NA
"120",2019-08-28,NA,NA,NA,NA,NA,NA,NA,NA,NA,NA,NA,NA,NA,NA,NA,NA,NA
"121",2019-08-29,NA,NA,NA,NA,NA,NA,NA,NA,NA,NA,NA,NA,NA,NA,NA,NA,NA
"122",2019-08-30,NA,NA,NA,NA,NA,NA,NA,NA,NA,NA,NA,NA,NA,NA,NA,NA,NA
"123",2019-08-31,NA,NA,NA,NA,NA,NA,NA,NA,NA,NA,NA,NA,NA,NA,NA,NA,NA
"124",2019-10-01,66.0031264581548,60.084157695448,38.9177371706832,62.0069832090632,46.8583151883102,62.8191313826997,64.102262361959,61.9175396239317,40.2567777813051,0,52.7708983348864,55.8300714100725,NA,NA,56.1131636410423,56.0570096754055,NA
"125",2019-10-02,74.5403394506328,58.2340853446166,36.9552703902391,60.8185825275758,46.4925684969828,62.7055595134445,62.873714678963,60.8543357984385,35.9779810224474,0,51.3698786010238,55.0683571871344,NA,NA,54.6809915772447,54.5464257039283,NA
"126",2019-10-03,81.6063485557058,54.3096731691672,32.7217458528896,58.4942482031182,43.6011974493196,58.1668910917207,58.2142166520003,56.7419861768331,23.2513034680719,0,49.1327247579951,52.02914687531,NA,NA,51.7522907586167,50.3835815331157,NA
"127",2019-10-04,86.2548502587666,54.3323911452103,33.2521623704529,56.7675351711876,43.1438359994398,57.9714042000131,57.6278023040327,56.3409079845135,27.9510778328801,0,50.4401301319723,55.4642149449084,NA,NA,51.6363086868289,50.0923367257804,NA
"128",2019-10-05,83.7439245255991,56.7075846375016,36.2341754758849,59.0293899108553,42.9647937255427,60.9344276313917,60.3371777079098,58.2892491157963,36.8737763016576,0,53.0358988063249,57.6693914387512,NA,NA,53.2348875643467,52.486464594953,NA
"129",2019-10-06,80.0256297818007,59.1339110468765,37.4031912400152,61.254303540245,44.0156594634485,62.0471842759041,62.4217828004078,60.5206174054112,42.3037991838066,0,54.8108928470456,58.2395717926382,NA,NA,53.8915799103882,53.7371516834746,NA
"130",2019-10-07,77.4019436332155,52.7451214054634,30.3165837251983,55.5436298652193,38.9495805289303,55.0268132499067,54.9838495184387,53.700876157516,31.8208057625361,0,45.3564624943066,51.267562997833,NA,NA,48.1951017372792,47.106773195654,NA
"131",2019-10-08,77.9419243680467,49.0476472354744,25.1695058697597,52.0960396168818,38.1159629987733,51.3306927523242,51.3607671845511,50.6454490754622,30.6971390965316,0,40.8318760584481,48.8566776416037,NA,NA,45.1117632120747,43.768773495524,NA
"132",2019-10-09,75.4744826456339,47.8699536363197,26.7397947018419,52.1388104631267,39.0991375259889,50.642463434492,51.3697436420161,51.2734336155793,30.7843615497754,0,40.6797347294386,43.0279339685035,NA,NA,44.8788957156918,43.6137187822581,NA
"133",2019-10-10,74.6856167586095,59.4659975112726,39.0959682502348,62.8354927669088,46.5134064704492,61.8591626619632,62.1389042926776,63.1044874128809,42.5232131674216,0,51.1582256399728,50.5683750653998,NA,NA,54.3373006843137,54.2545798546731,NA
"134",2019-10-11,78.9986371945948,60.0444647822198,39.8214818500933,64.695588723015,45.6224371440058,63.3352132830222,63.6850887553221,63.5682954325384,37.2602894474553,0,52.1876687326683,48.7635099066242,NA,NA,56.4475011414414,56.1919357620292,NA
"135",2019-10-12,80.3634489929395,59.2881580288209,36.6052864565733,62.6715007395605,42.9145742022054,60.7690641198277,61.4361216969322,60.7133554769716,27.4060144080968,0,49.9815899554373,41.354917721192,NA,NA,54.6250131922973,53.8428451006389,NA
"136",2019-10-13,81.9517472551771,59.7176676334842,37.3839485025374,62.2789340051188,42.9004120842456,61.6948692342649,62.1455747755323,61.1904457473507,28.6401792690329,0,50.9539113926743,38.4982656608676,NA,NA,55.3469613046735,54.492198647369,NA
"137",2019-10-14,84.3022971534253,59.9401394033418,36.5612289257217,62.5229693265006,46.4842959192525,62.1630106387393,62.2547478661741,62.4433912174035,23.6931671469665,0,51.3835444479698,45.6279920545129,NA,NA,55.8052005435705,54.5489845602783,NA
"138",2019-10-15,86.0286817180024,60.5669327741749,38.8549724098725,63.6575511323507,49.2210505466163,66.9014977305079,63.253752115842,64.5458275233192,22.2358997661858,0,53.5679800053985,55.7473187408995,NA,NA,56.8107492306453,55.4924217332763,NA
"139",2019-10-16,84.9034451459408,60.3479987519103,39.1684649870444,63.4426806549051,48.9753190745471,62.8726998103252,62.9155906984402,62.4136468465176,28.2601743783395,0,54.8970532788562,55.6240506168014,NA,NA,55.9824450216124,55.1734721186036,NA
"140",2019-10-17,85.8103786825145,59.8832417745791,36.4544867078082,63.4187585311852,47.1757943056591,63.3827062997271,63.2413199363792,63.1753605720141,27.7155231541361,0,54.8839710521278,55.5587199292082,NA,NA,55.7107599199937,54.9384948496091,NA
"141",2019-10-18,86.4745222367672,57.7257463510594,35.9443697975754,60.7172331561928,46.743639536708,61.5799267338418,61.0575803843871,60.3902348761078,24.8346174344924,0,50.861476606392,52.4537300188376,NA,NA,53.2707925612474,52.3458156816451,NA
"142",2019-10-19,89.6741902174145,55.2873155524418,38.3980352386755,58.3927863078688,49.3175876448279,58.877635951341,58.5666171695995,57.9120862013538,18.9148823274152,0,47.8371802423175,51.2562439002874,NA,NA,52.6085429107379,51.0320356744537,NA
"143",2019-10-20,87.5981677940685,55.3439138764158,38.0818994969434,57.45121921406,47.9836047476799,57.9900059712128,58.2351493884404,55.6386531978867,16.5066858869599,0,46.9771421297498,50.2563028316632,NA,NA,52.4337007695205,50.635482899616,NA
"144",2019-10-21,85.4720974219717,57.8048136014003,41.6164665301878,61.0879111745273,48.0042623329584,60.7727840752968,60.7110512283587,59.404726965118,23.3055741507842,0,49.1206992477104,56.4070209846672,NA,NA,54.053774535587,52.9176943703747,NA
"145",2019-10-22,85.9315532499858,59.8782555128134,42.1736008032107,63.2513242867186,49.4329913245785,63.0552460390018,62.78178999175,62.4252267901008,27.9766552003315,0,54.2440968137627,59.5279241713223,NA,NA,55.6504127640642,54.9094324643466,NA
"146",2019-10-23,84.9465989049654,60.2072139864652,43.653068403758,63.0820281258292,50.7265145907868,63.1484071416778,62.5662227752274,62.4910149407837,28.0244554993585,0,58.6781210288622,58.3977649857427,NA,NA,55.6156797233234,54.8436727511402,NA
"147",2019-10-24,83.508600205083,58.52621975728,43.7774389970333,62.4255856881185,50.5143766826368,62.6782018252144,62.3818306106778,62.3022766535923,26.8972322479202,0,54.489669454959,54.4967327622257,NA,NA,55.3684539648183,54.4775977628911,NA
"148",2019-10-25,86.4361352897044,59.2442077106313,38.7168489629395,61.0156604633721,46.9372812294357,60.9987376797476,60.5528663743161,60.4504776630312,20.8676466011046,0,50.7072040220456,51.5569806791322,NA,NA,54.2124332329012,52.9580518317274,NA
"149",2019-10-26,87.2580516489622,62.3561822948469,38.2479283686059,62.102081155792,47.8340350650916,62.380940471501,62.3689626422586,62.0967420229922,21.7025717937186,0,52.2167208982976,50.4596228065068,NA,NA,55.3776951643356,54.2500532882529,NA
"150",2019-10-27,84.6261886388876,62.6952199578905,41.6154302601754,62.7290324230045,45.5091881541734,62.2535615107187,62.183002372186,62.7334982743927,26.8277945896033,0,54.1302397868134,50.9730485215282,NA,NA,55.211804203006,54.4936351605312,NA
"151",2019-10-28,86.2224916321707,64.6087410570475,46.7820097877095,64.1050205092418,44.6100832903794,63.9478295976629,63.6914952400964,64.5557476267424,25.366106848773,0,54.8560232084638,52.294907023016,NA,NA,56.811015260186,56.007808059345,NA
"152",2019-10-29,83.0469684121437,63.0107169779645,42.8032228532923,62.553041673637,40.3010933227353,62.5705057715643,62.1464561909802,63.4297726214965,28.4211112287096,0,53.1175770107032,51.5631478649563,NA,NA,55.0882920889505,54.5104640212354,NA
"153",2019-10-30,79.0934511763287,62.8068905837239,42.744730696021,60.9604250268556,43.7454093012221,63.106397545468,62.424872194328,62.8975048200324,32.950331749321,0,51.7311476031856,51.9997589473264,NA,NA,54.2663453800154,54.2034802382634,NA
"154",2019-10-31,82.4874568845777,66.1117703208422,43.194516268638,65.0908378049336,46.7034817670157,65.6676056606528,65.5637741526925,65.9815294376579,35.5966939920649,0,51.4494597152015,54.8263373332778,NA,NA,57.6845575408642,57.5943531203864,NA
"155",2019-11-01,83.448197101361,69.6247676291376,48.2137716803038,74.3333118992457,53.0471849463465,69.293847349303,69.1691093230229,69.5341553066736,37.8251847384244,0,54.2009267491469,59.8025236986113,60.756080470366,NA,61.1531511430426,61.1961611896492,NA
"156",2019-11-02,82.0825201914116,65.9694605355319,42.8401442103886,67.3961149825171,48.4890259875724,66.1445010755325,65.7214021820284,65.1754320158325,27.7048562556751,0,47.0415356138941,58.3006456460004,57.6165989639285,NA,58.0648030733079,57.9235920658914,NA
"157",2019-11-03,84.3628461502509,63.3205744277503,35.4146619330014,69.3759099647824,41.7263851374214,62.8584546935168,61.577497635491,65.7647121782362,16.9133354062407,0,43.777536764049,55.4434001289981,55.7138100186336,NA,56.2780318329611,55.6236049912112,NA
"158",2019-11-04,87.5251275655907,64.434281391698,35.368972683283,72.9734111595118,44.0644448630834,65.1188041018783,63.1996307826238,69.490782058905,17.9859350927267,0,44.4023201673653,59.427741635581,NA,NA,58.1350645290365,57.4571659151502,NA
"159",2019-11-05,89.2167597888073,64.0725171152628,36.5157322409696,77.4923677204316,43.63400609778,63.3231400411548,63.4366493238656,63.2142570558405,17.451459736891,0,43.8491601698847,60.6651136587361,55.77054622947,NA,56.3381545002294,55.643540273962,NA
"160",2019-11-06,89.9591304511625,62.0853101936421,38.3669256947315,72.2584978074282,43.4856845148965,61.7479151849704,61.7694487959282,61.4146703178705,16.3419381342051,0,44.1153228834695,53.9754544033635,54.2491984296278,NA,54.8397305547224,54.0441726413385,NA
"161",2019-11-07,87.0821469206951,62.0526421853521,34.9181036443635,61.6496460333999,40.4236846897073,61.4773499855548,61.6178486097679,61.4348851722984,16.2966839911389,0,45.8039406906673,53.3948389814999,53.9322502577722,NA,54.5353870625697,53.6696165635678,NA
"162",2019-11-08,82.9192284650771,65.2377833451213,29.7806277072352,64.2094704448359,46.5467214451696,63.7466604604367,64.0456207679865,64.562741677091,21.3039197924742,0,50.0442259164891,57.0411688036947,59.1160573523594,NA,57.109142202609,56.367677783545,NA
"163",2019-11-09,78.7684139690592,60.9236985157458,29.2386481059057,60.1493880522343,45.7253871223173,59.9183555327093,60.4289826859815,60.7248797241197,17.7099732778918,0,43.2673517853029,53.3748866654789,57.8901128817464,NA,53.3451211615804,52.4577342537177,NA
"164",2019-11-10,82.3435975378422,56.9385284361871,32.9116897602633,56.2786306510447,44.5831503960073,55.4076358295144,56.4189163107495,56.3566976091341,8.0433592272931,0,33.480141041352,46.5452778832062,54.0062287390928,NA,50.5366824379414,48.9480089500563,NA
"165",2019-11-11,81.62023543882,53.458769543847,35.0212635407494,53.6586107885071,35.8079527996689,53.2403710054543,53.8582597677922,53.7111441249229,3.90814179901289,0,29.8242572317771,43.6647514053813,51.8139595792004,NA,48.936389546018,46.8863725662275,NA
"166",2019-11-12,80.4541458126195,49.0711918171322,36.657353401343,51.6941281111956,29.7908743368795,51.5002738466083,51.5675224813009,51.6429119003074,1.76431292259162,0,28.9182290370593,49.2024971739011,49.4094162286394,NA,47.204675946331,44.9059148106306,NA
"167",2019-11-13,79.066891782682,50.4824646909398,40.1201072180388,53.528327025881,26.02860102613,52.4182293258663,51.8390908681489,52.4383642257415,7.40244966697161,0,27.5034938775777,49.5503167361164,49.3218122337,NA,46.2893929601169,45.0306239694668,NA
"168",2019-11-14,76.4236180815207,48.6690614452697,37.6192158463395,49.0482952571301,24.6422036756331,48.7445230359771,49.8252020011644,49.3496719754852,3.82956630471492,0,24.3502450015679,47.5266272247677,47.6371253234033,NA,45.4324505200355,43.1216603742924,NA
"169",2019-11-15,78.8664452958493,50.7427827793644,33.6014035147717,51.71980504487,27.7735866100739,54.3838275867635,53.5034490020556,51.5841998616341,0.872745110378987,0,27.6420103044753,50.3456226834794,50.0289808601057,NA,47.4149310845099,45.3138859237656,NA
"170",2019-11-16,76.1568524594617,51.7093741331351,22.966151535923,52.3213421217539,29.518158594204,56.8285477918474,56.3925752454557,52.9382630968263,2.66424058704142,0,30.8979183714504,50.6735096147863,51.4193224116939,NA,48.3539812055625,46.1632277836157,NA
"171",2019-11-17,73.6917442904919,52.4878740167552,21.6842036019705,52.3642888487711,34.4782056591788,45.4984893567548,45.734925868315,53.2623634594604,1.96309222512866,0,34.6331173467513,50.2311320717369,51.4331452126305,NA,48.0760957980942,45.8531519927028,NA
"172",2019-11-18,79.2469794719857,53.4598243099359,22.3437904056847,53.0265854670679,29.4157054527915,43.8302282413532,50.8419671976382,52.2762445868847,3.66159888508583,0,30.502574854327,43.8443348309144,50.219313574556,NA,48.2303743354843,46.0064500036463,NA
"173",2019-11-19,77.0317979953697,51.8880333101999,15.773915638309,52.3280696007411,25.8150739275572,37.6072798146606,52.5399350630662,50.6910193314564,6.74988708567458,0,29.149523943602,32.4590218277579,49.6855816441577,NA,47.8090647886651,45.779296134424,NA
"174",2019-11-20,78.5448808113437,47.8788263151594,16.282586702494,48.7050830943296,23.6558364735485,41.7352209497013,51.2487214644966,49.7258409086741,4.77551773563308,0,30.4252733341544,27.2954766595204,48.9327487900912,NA,46.4955747056648,44.6170336977451,NA
"175",2019-11-21,78.7186839791063,41.8006101381803,22.379484564157,40.8744002843525,26.0017908349239,42.3376768883922,51.7238850312177,51.2845366700251,4.10447192259146,0,31.4162735848015,28.9804231329864,48.7239472392075,NA,47.1052477311594,44.771812800082,NA
"176",2019-11-22,70.989270345886,29.1551610163792,19.0413553120134,25.8251199300032,23.0488157750511,40.9290757420253,49.7285238510249,50.1180207262632,2.26992378862105,0,28.5513749686404,26.1566603069438,45.7284996178656,NA,45.0619200316896,42.9113512256482,NA
"177",2019-11-23,64.5605640953014,29.6555965225516,19.8967826325577,28.9501309098018,27.3712974806711,42.3383984122637,49.888042390334,49.9152388712611,3.19572815630013,0,26.290639822436,27.152461954543,45.4281684283499,NA,45.6552911501871,43.37571196262,NA
"178",2019-11-24,64.0824669674859,30.2314925132493,21.9983523774189,32.5459268417947,28.3425493672778,42.8031188469191,52.1837124274562,52.4336216885191,4.53124629587174,0,31.9395041084755,26.0688667646158,42.1678338727148,NA,47.673973554047,45.4174699227086,NA
"179",2019-11-25,62.7209094209982,35.8253358560425,21.3219895965587,35.5359274685782,29.1945695334023,44.1902948385859,52.5909789968718,54.2269191529491,4.50376099224201,0,34.3623396684968,28.7959946693931,42.9997353748907,NA,48.6637008519186,46.6324113548437,NA
"180",2019-11-26,67.1832430351844,35.8280485875374,25.7191954441277,39.4816999896653,30.7535146754813,45.1405809048209,57.0495345779786,56.7407890429442,9.82981110743031,0,33.1084780663732,28.7181831236029,46.202013857811,NA,51.4242066392877,49.2164653060018,NA
"181",2019-11-27,78.7983429937736,33.935130802671,21.0498574570405,37.3037761848723,34.0672120185576,43.067256176654,52.4078330795056,52.7149572616177,5.93258868489565,0,32.2613456414017,26.140561206001,48.1855253384303,NA,46.8213370349398,44.7684297698862,NA
"182",2019-11-28,60.8892722659525,37.3442764508719,18.7128223016321,38.2577421935016,35.5426592443939,40.1439413623676,50.7910640996278,51.392211200107,1.15285094384342,0,36.0776904327989,24.0654375131551,42.9445953188313,NA,44.8646242824601,43.1890153555158,NA
"183",2019-11-29,60.5375110936405,42.7745981949075,18.5495705151189,36.8005946498928,32.8862545178845,41.0783218243448,50.5909822787625,50.6202324850672,1.3753627575873,0,33.9802409051763,24.0413556516381,46.8891680658962,NA,44.6512836189055,42.9446530264405,NA
"184",2019-11-30,55.7954853010771,41.6589214654315,20.3149798116106,35.0653190022349,33.5545732120614,39.0848479676167,51.1629931616461,51.2908976864444,1.24047346574957,0,38.7555589936907,29.1510543461411,44.2506961898735,NA,45.6500270168377,43.951400885673,NA
"185",2019-12-01,56.5021427659059,47.1780888141188,27.3119649214482,42.4581314343229,41.1812524614853,43.8509370580632,55.6952563186282,56.7044615427298,7.01607866851257,0,43.5660466964642,42.3885911491517,46.5335832492891,NA,50.1103373332626,48.7697917383091,NA
"186",2019-12-02,53.1117058677367,57.1241253183233,40.4296390418722,58.0325077689213,52.9368911657226,53.411542327692,65.2268971754126,64.9446188687413,19.1055619394583,0,53.1269589909882,50.5121321562393,61.9107685426015,NA,57.4234008643583,56.9668542537187,NA
"187",2019-12-03,56.287913973643,56.2304640933601,52.2490965752503,58.3176307790738,53.4820593870552,57.0519949158091,67.7306072403693,69.8081884540343,22.0511610645949,0,58.3126310026353,49.3867373453151,60.6729369815496,NA,60.7133792231229,60.3336815460188,NA
"188",2019-12-04,56.5586063664283,62.9535130376645,51.8149762404002,58.4391354330425,48.9960001440406,58.4044625069244,68.8282879465621,68.5802815933618,23.9538044407758,0,58.5325267225684,51.8572619494071,67.0173229403468,NA,60.9340098402456,60.7310461802133,NA
"189",2019-12-05,61.574109335728,60.0731621184194,46.7024559556983,54.0370498233788,47.0412500950026,60.6225128780297,69.7382094343912,69.8496589269542,22.2088742130485,0,54.5544268333713,48.6011122268937,59.46290541588,NA,61.3218734416057,60.8282237271822,NA
"190",2019-12-06,62.0833741677655,61.8864649707086,53.6123628243931,58.6079796142288,47.7579719558561,60.9745095836791,71.0262354778319,70.957410786919,23.8186920832678,0,60.4300042124585,45.8843956965635,60.8649643947688,NA,62.0763576533362,61.73722242113,NA
"191",2019-12-07,60.696811059762,61.0493456838422,56.6895164089669,52.3575062759966,54.1176337348959,58.6292629330099,70.0950729956838,70.1003921452476,23.2947147043586,0,56.7443692944738,51.6219448158014,57.5528771570788,NA,60.6425019719517,60.2429996696745,NA
"192",2019-12-08,61.093353077604,60.5876172600268,55.568090722644,45.9454513347049,54.8237529275611,57.5040703186134,69.9257972996483,69.8954810423792,18.1879229389112,0,52.7720543776817,50.6370512217095,58.1954213514573,NA,60.630693558308,60.2495121692662,NA
"193",2019-12-09,61.2342438405154,60.5368154442915,55.3767772742478,42.1008315492382,55.6717509283792,57.2269247686481,71.9359285898197,69.0367165649085,10.3608366871683,0,55.3648131815093,53.5005562906089,56.791099253513,NA,60.9477679915993,60.6051125147102,NA
"194",2019-12-10,59.9503548855053,61.6077528239645,47.0277066085556,36.4247189791294,55.1956253431435,58.415445076245,67.2231505204727,67.9030326442777,3.11361244970702,0,55.269863763763,58.0402538597833,57.2426727574291,NA,59.7062181034211,59.4918357660992,NA
"195",2019-12-11,59.7513309447313,61.7107763293852,36.3462046725572,34.4573299153289,55.5705420077655,55.8130016895709,60.2475294616936,66.1141131885063,4.3112181022762,0,54.397053508778,57.3205817596779,62.2085083888642,NA,60.2219628982182,59.9148969839346,NA
"196",2019-12-12,59.3886577673075,60.0697620695268,39.5929538033461,39.6192514001637,58.0123982376772,54.3288844559307,60.7044300698412,63.6644970121205,5.22061996586186,0,58.7429212103073,61.3390649791911,61.8136765729435,NA,60.8190417166376,60.4067539840226,NA
"197",2019-12-13,59.887742634509,61.4359464322735,37.9054801690197,46.9861346481024,56.2907351379362,55.2118213779377,58.4103605938674,67.2124514878614,5.70951434582814,0,55.6706517921737,54.8684327727311,62.6030103647387,NA,59.2558113456915,58.9128041615238,NA
"198",2019-12-14,62.7292802004249,61.9468053086005,39.698467651624,55.3222063585922,54.7696859675145,53.8240261109579,59.2166232618968,68.6264545152159,2.25523386432536,0,55.2461688550813,48.3671649776379,66.7994967416274,NA,60.2195785041623,59.8355589636842,NA
"199",2019-12-15,61.7998864924767,62.1504164529087,39.5176880001659,52.6141812571088,60.5988688737787,59.5655119856521,60.8802382237818,68.3505082194739,0.856036741507392,0,59.7908492303847,48.4693791676089,64.8515582783958,NA,61.719931149017,61.3220927425997,NA
"200",2019-12-16,62.516976782709,63.4189922419288,51.3616325838137,56.4910147978052,59.2335237258214,60.1240338983882,61.9685351615657,64.6439232942748,1.96595667376924,0,65.1960386520006,50.491973839225,64.6113612861603,NA,62.9474346962503,62.5927312066254,NA
"201",2019-12-17,61.1314587381782,64.0926277342916,52.5107742554756,61.0228432190319,59.3729654689362,58.2560441130721,60.2242257499285,60.1168333576015,1.34272569859573,0,61.5041174170075,48.7175516747556,64.6713274117701,NA,61.6729838436023,61.4988088979338,NA
"202",2019-12-18,60.5946233901683,62.7410250966498,44.2165387562191,60.3433857741634,59.7958418784221,56.5204557606129,60.6411048750992,59.2961868673745,6.1029333580703,0,62.4648756233659,42.5300398204172,62.4205467089284,NA,61.1369179168874,60.8131511187674,NA
"203",2019-12-19,62.9659068733869,61.7295050229586,48.2935305796069,56.0050381790392,61.8174741213427,56.7249283049691,62.0352335956281,65.6060456469238,4.06590852642144,0,62.4359709333879,35.3948285381891,63.9055812422589,NA,63.3978561800831,62.8560617836116,NA
"204",2019-12-20,62.2009582844598,63.3625405658079,40.7069016806272,53.9027189632135,61.7380732398539,53.1019656616327,63.1301919598109,70.5002237500776,3.1325611135543,0,63.5333509984616,41.8578475463631,61.9634848839714,NA,64.2560037405204,63.8298395482618,NA
"205",2019-12-21,67.560233508472,69.8273661222908,47.5878877508604,61.7338391496724,67.3691978134921,55.1394724046905,68.0547485242155,76.322910820148,0.463290966253535,0,68.891482219963,47.1036875071257,74.9984518723632,NA,69.308417382076,69.258893565266,NA
"206",2019-12-22,65.7744280429048,69.0598351408015,55.1859315210166,70.2083477775421,65.8577963577111,52.3630467406007,67.6950156998737,74.6001173969693,1.39702832620079,0,68.7743731976058,39.8768945202018,68.1549424398583,NA,67.7079964861826,67.7436044957407,NA
"207",2019-12-23,64.3828844354236,64.2092788852283,50.7217177541149,65.497170883015,59.8562135388684,46.6968689195298,62.9930541977752,69.9315922704708,2.02486212214299,0,64.03452289089,42.7024977246703,65.0817729793721,NA,64.0708838209844,63.7985418488938,NA
"208",2019-12-24,65.2568031837883,64.6085880666853,50.4131717787591,66.0215199423171,61.0199659339326,45.5852279409837,63.9007343079129,71.2780847721087,3.74327484604653,0,63.5011961227478,54.9550556630794,64.4347385208371,NA,64.4607021973359,64.11193995112,NA
"209",2019-12-25,61.0659497103118,63.2773980790175,49.8490869556538,62.5671378748371,60.8448167793736,44.1044395322938,60.2032391653018,67.4375924855261,2.58652057191105,0,61.2995259142085,55.6639722453566,65.2203491793989,NA,60.971496732272,60.8047267480249,NA
"210",2019-12-26,62.4913851897768,64.4902906784443,51.7662396854088,62.5898481708044,62.5704567989764,44.7410208203518,61.5941499548102,69.2621788817602,3.11358863897162,0,62.4791364132111,51.7232726207193,62.0439304287511,NA,62.6361047997712,62.434712850192,NA
"211",2019-12-27,61.4336523065574,62.4263342499627,50.8394393416199,56.6552610544717,57.8498636507979,43.6690119291188,60.303920366375,68.7367338531703,2.10674547555255,0,59.9380111826412,55.9842395513424,61.0408756284952,NA,61.9586054954725,61.6670041658087,NA
"212",2019-12-28,63.2325094909715,64.6229645996178,52.7034348512358,58.0071906569528,57.741095925234,45.9104287426921,63.1826724225219,69.602829949917,3.68958131537684,0,62.8672299623723,52.8879867783816,63.0457415521103,NA,63.6308628581111,63.4523239705512,NA
"213",2019-12-29,60.9523643850602,66.0030376605342,52.2838642615137,57.3301693258859,59.8821511468356,45.8380192579391,60.6724550358356,65.4349213672453,5.57927598906652,0,60.4000638013008,48.0165713279983,60.9336529914549,NA,61.3236446437372,61.4059373801564,NA
"214",2019-12-30,62.7701220749237,66.1034105567125,52.9762092084034,57.1671059072178,65.2035012041166,45.6864072214843,63.175786327278,65.0780297236247,4.47474325759303,0,62.3161094894796,50.0795654277703,62.9728452313093,NA,63.7955016591652,63.7070309654993,NA
"215",2019-12-31,65.20560357002,65.8951988129892,54.1464143142453,57.9691472632793,67.0201354949652,46.8829027108173,65.2803590736705,69.9426728612624,3.81566596343501,0,64.5786143055162,48.5561222041007,64.8941562595433,NA,66.1750117684289,65.9823803220762,NA
"216",2020-02-01,NA,NA,NA,NA,NA,NA,NA,NA,NA,NA,NA,NA,NA,NA,NA,NA,NA
"217",2020-02-02,NA,NA,NA,NA,NA,NA,NA,NA,NA,NA,NA,NA,NA,NA,NA,NA,NA
"218",2020-02-03,NA,NA,NA,NA,NA,NA,NA,NA,NA,NA,NA,NA,NA,NA,NA,NA,NA
"219",2020-02-04,NA,NA,NA,NA,NA,NA,NA,NA,NA,NA,NA,NA,NA,NA,NA,NA,NA
"220",2020-02-05,NA,NA,NA,NA,NA,NA,NA,NA,NA,NA,NA,NA,NA,NA,NA,NA,NA
"221",2020-02-06,NA,NA,NA,NA,NA,NA,NA,NA,NA,NA,NA,NA,NA,NA,NA,NA,NA
"222",2020-02-07,NA,NA,NA,NA,NA,NA,NA,NA,NA,NA,NA,NA,NA,NA,NA,NA,NA
"223",2020-02-08,NA,NA,NA,NA,NA,NA,NA,NA,NA,NA,NA,NA,NA,NA,NA,NA,NA
"224",2020-02-09,NA,NA,NA,NA,NA,NA,NA,NA,NA,NA,NA,NA,NA,NA,NA,NA,NA
"225",2020-02-10,NA,NA,NA,NA,NA,NA,NA,NA,NA,NA,NA,NA,NA,NA,NA,NA,NA
"226",2020-02-11,NA,NA,NA,NA,NA,NA,NA,NA,NA,NA,NA,NA,NA,NA,NA,NA,NA
"227",2020-02-12,NA,NA,NA,NA,NA,NA,NA,NA,NA,NA,NA,NA,NA,NA,NA,NA,NA
"228",2020-02-13,NA,NA,NA,NA,NA,NA,NA,NA,NA,NA,NA,NA,NA,NA,NA,NA,NA
"229",2020-02-14,NA,NA,NA,NA,NA,NA,NA,NA,NA,NA,NA,NA,NA,NA,NA,NA,NA
"230",2020-02-15,NA,NA,NA,NA,NA,NA,NA,NA,NA,NA,NA,NA,NA,NA,NA,NA,NA
"231",2020-02-16,NA,NA,NA,NA,NA,NA,NA,NA,NA,NA,NA,NA,NA,NA,NA,NA,NA
"232",2020-02-17,NA,NA,NA,NA,NA,NA,NA,NA,NA,NA,NA,NA,NA,NA,NA,NA,NA
"233",2020-02-18,NA,NA,NA,NA,NA,NA,NA,NA,NA,NA,NA,NA,NA,NA,NA,NA,NA
"234",2020-02-19,NA,NA,NA,NA,NA,NA,NA,NA,NA,NA,NA,NA,NA,NA,NA,NA,NA
"235",2020-02-20,NA,NA,NA,NA,NA,NA,NA,NA,NA,NA,NA,NA,NA,NA,NA,NA,NA
"236",2020-02-21,NA,NA,NA,NA,NA,NA,NA,NA,NA,NA,NA,NA,NA,NA,NA,NA,NA
"237",2020-02-22,NA,NA,NA,NA,NA,NA,NA,NA,NA,NA,NA,NA,NA,NA,NA,NA,NA
"238",2020-02-23,NA,NA,NA,NA,NA,NA,NA,NA,NA,NA,NA,NA,NA,NA,NA,NA,NA
"239",2020-02-24,NA,NA,NA,NA,NA,NA,NA,NA,NA,NA,NA,NA,NA,NA,NA,NA,NA
"240",2020-02-25,NA,NA,NA,NA,NA,NA,NA,NA,NA,NA,NA,NA,NA,NA,NA,NA,NA
"241",2020-02-26,NA,NA,NA,NA,NA,NA,NA,NA,NA,NA,NA,NA,NA,NA,NA,NA,NA
"242",2020-02-27,NA,NA,NA,NA,NA,NA,NA,NA,NA,NA,NA,NA,NA,NA,NA,NA,NA
"243",2020-02-28,NA,NA,NA,NA,NA,NA,NA,NA,NA,NA,NA,NA,NA,NA,NA,NA,NA
"244",2020-02-29,NA,NA,NA,NA,NA,NA,NA,NA,NA,NA,NA,NA,NA,NA,NA,NA,NA
"245",2020-03-01,NA,NA,NA,NA,NA,NA,NA,NA,NA,NA,NA,NA,NA,NA,NA,NA,NA
"246",2020-03-02,NA,NA,NA,NA,NA,NA,NA,NA,NA,NA,NA,NA,NA,NA,NA,NA,NA
"247",2020-03-03,NA,NA,NA,NA,NA,NA,NA,NA,NA,NA,NA,NA,NA,NA,NA,NA,NA
"248",2020-03-04,NA,NA,NA,NA,NA,NA,NA,NA,NA,NA,NA,NA,NA,NA,NA,NA,NA
"249",2020-03-05,NA,NA,NA,NA,NA,NA,NA,NA,NA,NA,NA,NA,NA,NA,NA,NA,NA
"250",2020-03-06,NA,NA,NA,NA,NA,NA,NA,NA,NA,NA,NA,NA,NA,NA,NA,NA,NA
"251",2020-03-07,NA,NA,NA,NA,NA,NA,NA,NA,NA,NA,NA,NA,NA,NA,NA,NA,NA
"252",2020-03-08,NA,NA,NA,NA,NA,NA,NA,NA,NA,NA,NA,NA,NA,NA,NA,NA,NA
"253",2020-03-09,NA,NA,NA,NA,NA,NA,NA,NA,NA,NA,NA,NA,NA,NA,NA,NA,NA
"254",2020-03-10,NA,NA,NA,NA,NA,NA,NA,NA,NA,NA,NA,NA,NA,NA,NA,NA,NA
"255",2020-03-11,NA,NA,NA,NA,NA,NA,NA,NA,NA,NA,NA,NA,NA,NA,NA,NA,NA
"256",2020-03-12,NA,NA,NA,NA,NA,NA,NA,NA,NA,NA,NA,NA,NA,NA,NA,NA,NA
"257",2020-03-13,NA,NA,NA,NA,NA,NA,NA,NA,NA,NA,NA,NA,NA,NA,NA,NA,NA
"258",2020-03-14,NA,NA,NA,NA,NA,NA,NA,NA,NA,NA,NA,NA,NA,NA,NA,NA,NA
"259",2020-03-15,NA,NA,NA,NA,NA,NA,NA,NA,NA,NA,NA,NA,NA,NA,NA,NA,NA
"260",2020-03-16,NA,NA,NA,NA,NA,NA,NA,NA,NA,NA,NA,NA,NA,NA,NA,NA,NA
"261",2020-03-17,NA,NA,NA,NA,NA,NA,NA,NA,NA,NA,NA,NA,NA,NA,NA,NA,NA
"262",2020-03-18,NA,NA,NA,NA,NA,NA,NA,NA,NA,NA,NA,NA,NA,NA,NA,NA,NA
"263",2020-03-19,NA,NA,NA,NA,NA,NA,NA,NA,NA,NA,NA,NA,NA,NA,NA,NA,NA
"264",2020-03-20,NA,NA,NA,NA,NA,NA,NA,NA,NA,NA,NA,NA,NA,NA,NA,NA,NA
"265",2020-03-21,NA,NA,NA,NA,NA,NA,NA,NA,NA,NA,NA,NA,NA,NA,NA,NA,NA
"266",2020-03-22,NA,NA,NA,NA,NA,NA,NA,NA,NA,NA,NA,NA,NA,NA,NA,NA,NA
"267",2020-03-23,NA,NA,NA,NA,NA,NA,NA,NA,NA,NA,NA,NA,NA,NA,NA,NA,NA
"268",2020-03-24,NA,NA,NA,NA,NA,NA,NA,NA,NA,NA,NA,NA,NA,NA,NA,NA,NA
"269",2020-03-25,NA,NA,NA,NA,NA,NA,NA,NA,NA,NA,NA,NA,NA,NA,NA,NA,NA
"270",2020-03-26,NA,NA,NA,NA,NA,NA,NA,NA,NA,NA,NA,NA,NA,NA,NA,NA,NA
"271",2020-03-27,NA,NA,NA,NA,NA,NA,NA,NA,NA,NA,NA,NA,NA,NA,NA,NA,NA
"272",2020-03-28,NA,NA,NA,NA,NA,NA,NA,NA,NA,NA,NA,NA,NA,NA,NA,NA,NA
"273",2020-03-29,NA,NA,NA,NA,NA,NA,NA,NA,NA,NA,NA,NA,NA,NA,NA,NA,NA
"274",2020-03-30,NA,NA,NA,NA,NA,NA,NA,NA,NA,NA,NA,NA,NA,NA,NA,NA,NA
"275",2020-03-31,NA,NA,NA,NA,NA,NA,NA,NA,NA,NA,NA,NA,NA,NA,NA,NA,NA
"276",2020-06-01,NA,NA,NA,NA,NA,NA,NA,NA,NA,NA,NA,NA,NA,NA,NA,NA,NA
"277",2020-06-02,NA,NA,NA,NA,NA,NA,NA,NA,NA,NA,NA,NA,NA,NA,NA,NA,NA
"278",2020-06-03,NA,NA,NA,NA,NA,NA,NA,NA,NA,NA,NA,NA,NA,NA,NA,NA,NA
"279",2020-06-04,NA,NA,NA,NA,NA,NA,NA,NA,NA,NA,NA,NA,NA,NA,NA,NA,NA
"280",2020-06-05,NA,NA,NA,NA,NA,NA,NA,NA,NA,NA,NA,NA,NA,NA,NA,NA,NA
"281",2020-06-06,NA,NA,NA,NA,NA,NA,NA,NA,NA,NA,NA,NA,NA,NA,NA,NA,NA
"282",2020-06-07,NA,NA,NA,NA,NA,NA,NA,NA,NA,NA,NA,NA,NA,NA,NA,NA,NA
"283",2020-06-08,NA,NA,NA,NA,NA,NA,NA,NA,NA,NA,NA,NA,NA,NA,NA,NA,NA
"284",2020-06-09,NA,NA,NA,NA,NA,NA,NA,NA,NA,NA,NA,NA,NA,NA,NA,NA,NA
"285",2020-06-10,NA,NA,NA,NA,NA,NA,NA,NA,NA,NA,NA,NA,NA,NA,NA,NA,NA
"286",2020-06-11,NA,NA,NA,NA,NA,NA,NA,NA,NA,NA,NA,NA,NA,NA,NA,NA,NA
"287",2020-06-12,NA,NA,NA,NA,NA,NA,NA,NA,NA,NA,NA,NA,NA,NA,NA,NA,NA
"288",2020-06-13,NA,NA,NA,NA,NA,NA,NA,NA,NA,NA,NA,NA,NA,NA,NA,NA,NA
"289",2020-06-14,NA,NA,NA,NA,NA,NA,NA,NA,NA,NA,NA,NA,NA,NA,NA,NA,NA
"290",2020-06-15,NA,NA,NA,NA,NA,NA,NA,NA,NA,NA,NA,NA,NA,NA,NA,NA,NA
"291",2020-06-16,NA,NA,NA,NA,NA,NA,NA,NA,NA,NA,NA,NA,NA,NA,NA,NA,NA
"292",2020-06-17,NA,NA,NA,NA,NA,NA,NA,NA,NA,NA,NA,NA,NA,NA,NA,NA,NA
"293",2020-06-18,NA,NA,NA,NA,NA,NA,NA,NA,NA,NA,NA,NA,NA,NA,NA,NA,NA
"294",2020-06-19,NA,NA,NA,NA,NA,NA,NA,NA,NA,NA,NA,NA,NA,NA,NA,NA,NA
"295",2020-06-20,NA,NA,NA,NA,NA,NA,NA,NA,NA,NA,NA,NA,NA,NA,NA,NA,NA
"296",2020-06-21,NA,NA,NA,NA,NA,NA,NA,NA,NA,NA,NA,NA,NA,NA,NA,NA,NA
"297",2020-06-22,NA,NA,NA,NA,NA,NA,NA,NA,NA,NA,NA,NA,NA,NA,NA,NA,NA
"298",2020-06-23,NA,NA,NA,NA,NA,NA,NA,NA,NA,NA,NA,NA,NA,NA,NA,NA,NA
"299",2020-06-24,NA,NA,NA,NA,NA,NA,NA,NA,NA,NA,NA,NA,NA,NA,NA,NA,NA
"300",2020-06-25,NA,NA,NA,NA,NA,NA,NA,NA,NA,NA,NA,NA,NA,NA,NA,NA,NA
"301",2020-06-26,NA,NA,NA,NA,NA,NA,NA,NA,NA,NA,NA,NA,NA,NA,NA,NA,NA
"302",2020-06-27,NA,NA,NA,NA,NA,NA,NA,NA,NA,NA,NA,NA,NA,NA,NA,NA,NA
"303",2020-06-28,NA,NA,NA,NA,NA,NA,NA,NA,NA,NA,NA,NA,NA,NA,NA,NA,NA
"304",2020-06-29,NA,NA,NA,NA,NA,NA,NA,NA,NA,NA,NA,NA,NA,NA,NA,NA,NA
"305",2020-06-30,NA,NA,NA,NA,NA,NA,NA,NA,NA,NA,NA,NA,NA,NA,NA,NA,NA
"306",2020-07-01,NA,NA,NA,NA,NA,NA,NA,NA,NA,NA,NA,NA,NA,NA,NA,NA,NA
"307",2020-07-02,NA,NA,NA,NA,NA,NA,NA,NA,NA,NA,NA,NA,NA,NA,NA,NA,NA
"308",2020-07-03,NA,NA,NA,NA,NA,NA,NA,NA,NA,NA,NA,NA,NA,NA,NA,NA,NA
"309",2020-07-04,NA,NA,NA,NA,NA,NA,NA,NA,NA,NA,NA,NA,NA,NA,NA,NA,NA
"310",2020-07-05,NA,NA,NA,NA,NA,NA,NA,NA,NA,NA,NA,NA,NA,NA,NA,NA,NA
"311",2020-07-06,NA,NA,NA,NA,NA,NA,NA,NA,NA,NA,NA,NA,NA,NA,NA,NA,NA
"312",2020-07-07,NA,NA,NA,NA,NA,NA,NA,NA,NA,NA,NA,NA,NA,NA,NA,NA,NA
"313",2020-07-08,NA,NA,NA,NA,NA,NA,NA,NA,NA,NA,NA,NA,NA,NA,NA,NA,NA
"314",2020-07-09,NA,NA,NA,NA,NA,NA,NA,NA,NA,NA,NA,NA,NA,NA,NA,NA,NA
"315",2020-07-10,NA,NA,NA,NA,NA,NA,NA,NA,NA,NA,NA,NA,NA,NA,NA,NA,NA
"316",2020-07-11,NA,NA,NA,NA,NA,NA,NA,NA,NA,NA,NA,NA,NA,NA,NA,NA,NA
"317",2020-07-12,NA,NA,NA,NA,NA,NA,NA,NA,NA,NA,NA,NA,NA,NA,NA,NA,NA
"318",2020-07-13,NA,NA,NA,NA,NA,NA,NA,NA,NA,NA,NA,NA,NA,NA,NA,NA,NA
"319",2020-07-14,NA,NA,NA,NA,NA,NA,NA,NA,NA,NA,NA,NA,NA,NA,NA,NA,NA
"320",2020-07-15,NA,NA,NA,NA,NA,NA,NA,NA,NA,NA,NA,NA,NA,NA,NA,NA,NA
"321",2020-07-16,NA,NA,NA,NA,NA,NA,NA,NA,NA,NA,NA,NA,NA,NA,NA,NA,NA
"322",2020-07-17,NA,NA,NA,NA,NA,NA,NA,NA,NA,NA,NA,NA,NA,NA,NA,NA,NA
"323",2020-07-18,NA,NA,NA,NA,NA,NA,NA,NA,NA,NA,NA,NA,NA,NA,NA,NA,NA
"324",2020-07-19,NA,NA,NA,NA,NA,NA,NA,NA,NA,NA,NA,NA,NA,NA,NA,NA,NA
"325",2020-07-20,NA,NA,NA,NA,NA,NA,NA,NA,NA,NA,NA,NA,NA,NA,NA,NA,NA
"326",2020-07-21,NA,NA,NA,NA,NA,NA,NA,NA,NA,NA,NA,NA,NA,NA,NA,NA,NA
"327",2020-07-22,NA,NA,NA,NA,NA,NA,NA,NA,NA,NA,NA,NA,NA,NA,NA,NA,NA
"328",2020-07-23,NA,NA,NA,NA,NA,NA,NA,NA,NA,NA,NA,NA,NA,NA,NA,NA,NA
"329",2020-07-24,NA,NA,NA,NA,NA,NA,NA,NA,NA,NA,NA,NA,NA,NA,NA,NA,NA
"330",2020-07-25,NA,NA,NA,NA,NA,NA,NA,NA,NA,NA,NA,NA,NA,NA,NA,NA,NA
"331",2020-07-26,NA,NA,NA,NA,NA,NA,NA,NA,NA,NA,NA,NA,NA,NA,NA,NA,NA
"332",2020-07-27,NA,NA,NA,NA,NA,NA,NA,NA,NA,NA,NA,NA,NA,NA,NA,NA,NA
"333",2020-07-28,NA,NA,NA,NA,NA,NA,NA,NA,NA,NA,NA,NA,NA,NA,NA,NA,NA
"334",2020-07-29,NA,NA,NA,NA,NA,NA,NA,NA,NA,NA,NA,NA,NA,NA,NA,NA,NA
"335",2020-07-30,NA,NA,NA,NA,NA,NA,NA,NA,NA,NA,NA,NA,NA,NA,NA,NA,NA
"336",2020-07-31,NA,NA,NA,NA,NA,NA,NA,NA,NA,NA,NA,NA,NA,NA,NA,NA,NA
"337",2020-08-01,NA,NA,NA,NA,NA,NA,NA,NA,NA,NA,NA,NA,NA,NA,NA,NA,NA
"338",2020-08-02,NA,NA,NA,NA,NA,NA,NA,NA,NA,NA,NA,NA,NA,NA,NA,NA,NA
"339",2020-08-03,NA,NA,NA,NA,NA,NA,NA,NA,NA,NA,NA,NA,NA,NA,NA,NA,NA
"340",2020-08-04,NA,NA,NA,NA,NA,NA,NA,NA,NA,NA,NA,NA,NA,NA,NA,NA,NA
"341",2020-08-05,NA,NA,NA,NA,NA,NA,NA,NA,NA,NA,NA,NA,NA,NA,NA,NA,NA
"342",2020-08-06,NA,NA,NA,NA,NA,NA,NA,NA,NA,NA,NA,NA,NA,NA,NA,NA,NA
"343",2020-08-07,NA,NA,NA,NA,NA,NA,NA,NA,NA,NA,NA,NA,NA,NA,NA,NA,NA
"344",2020-08-08,NA,NA,NA,NA,NA,NA,NA,NA,NA,NA,NA,NA,NA,NA,NA,NA,NA
"345",2020-08-09,NA,NA,NA,NA,NA,NA,NA,NA,NA,NA,NA,NA,NA,NA,NA,NA,NA
"346",2020-08-10,NA,NA,NA,NA,NA,NA,NA,NA,NA,NA,NA,NA,NA,NA,NA,NA,NA
"347",2020-08-11,NA,NA,NA,NA,NA,NA,NA,NA,NA,NA,NA,NA,NA,NA,NA,NA,NA
"348",2020-08-12,NA,NA,NA,NA,NA,NA,NA,NA,NA,NA,NA,NA,NA,NA,NA,NA,NA
"349",2020-08-13,NA,NA,NA,NA,NA,NA,NA,NA,NA,NA,NA,NA,NA,NA,NA,NA,NA
"350",2020-08-14,NA,NA,NA,NA,NA,NA,NA,NA,NA,NA,NA,NA,NA,NA,NA,NA,NA
"351",2020-08-15,NA,NA,NA,NA,NA,NA,NA,NA,NA,NA,NA,NA,NA,NA,NA,NA,NA
"352",2020-08-16,NA,NA,NA,NA,NA,NA,NA,NA,NA,NA,NA,NA,NA,NA,NA,NA,NA
"353",2020-08-17,NA,NA,NA,NA,NA,NA,NA,NA,NA,NA,NA,NA,NA,NA,NA,NA,NA
"354",2020-08-18,NA,NA,NA,NA,NA,NA,NA,NA,NA,NA,NA,NA,NA,NA,NA,NA,NA
"355",2020-08-19,NA,NA,NA,NA,NA,NA,NA,NA,NA,NA,NA,NA,NA,NA,NA,NA,NA
"356",2020-08-20,NA,NA,NA,NA,NA,NA,NA,NA,NA,NA,NA,NA,NA,NA,NA,NA,NA
"357",2020-08-21,NA,NA,NA,NA,NA,NA,NA,NA,NA,NA,NA,NA,NA,NA,NA,NA,NA
"358",2020-08-22,NA,NA,NA,NA,NA,NA,NA,NA,NA,NA,NA,NA,NA,NA,NA,NA,NA
"359",2020-08-23,NA,NA,NA,NA,NA,NA,NA,NA,NA,NA,NA,NA,NA,NA,NA,NA,NA
"360",2020-08-24,NA,NA,NA,NA,NA,NA,NA,NA,NA,NA,NA,NA,NA,NA,NA,NA,NA
"361",2020-08-25,NA,NA,NA,NA,NA,NA,NA,NA,NA,NA,NA,NA,NA,NA,NA,NA,NA
"362",2020-08-26,NA,NA,NA,NA,NA,NA,NA,NA,NA,NA,NA,NA,NA,NA,NA,NA,NA
"363",2020-08-27,NA,NA,NA,NA,NA,NA,NA,NA,NA,NA,NA,NA,NA,NA,NA,NA,NA
"364",2020-08-28,NA,NA,NA,NA,NA,NA,NA,NA,NA,NA,NA,NA,NA,NA,NA,NA,NA
"365",2020-08-29,NA,NA,NA,NA,NA,NA,NA,NA,NA,NA,NA,NA,NA,NA,NA,NA,NA
"366",2020-08-30,NA,NA,NA,NA,NA,NA,NA,NA,NA,NA,NA,NA,NA,NA,NA,NA,NA
"367",2020-08-31,NA,NA,NA,NA,NA,NA,NA,NA,NA,NA,NA,NA,NA,NA,NA,NA,NA
"368",2020-09-01,NA,NA,NA,NA,NA,NA,NA,NA,NA,NA,NA,NA,NA,NA,NA,NA,NA
"369",2020-09-02,NA,NA,NA,NA,NA,NA,NA,NA,NA,NA,NA,NA,NA,NA,NA,NA,NA
"370",2020-09-03,NA,NA,NA,NA,NA,NA,NA,NA,NA,NA,NA,NA,NA,NA,NA,NA,NA
"371",2020-09-04,NA,NA,NA,NA,NA,NA,NA,NA,NA,NA,NA,NA,NA,NA,NA,NA,NA
"372",2020-09-05,NA,NA,NA,NA,NA,NA,NA,NA,NA,NA,NA,NA,NA,NA,NA,NA,NA
"373",2020-09-06,NA,NA,NA,NA,NA,NA,NA,NA,NA,NA,NA,NA,NA,NA,NA,NA,NA
"374",2020-09-07,NA,NA,NA,NA,NA,NA,NA,NA,NA,NA,NA,NA,NA,NA,NA,NA,NA
"375",2020-09-08,NA,NA,NA,NA,NA,NA,NA,NA,NA,NA,NA,NA,NA,NA,NA,NA,NA
"376",2020-09-09,NA,NA,NA,NA,NA,NA,NA,NA,NA,NA,NA,NA,NA,NA,NA,NA,NA
"377",2020-09-10,NA,NA,NA,NA,NA,NA,NA,NA,NA,NA,NA,NA,NA,NA,NA,NA,NA
"378",2020-09-11,NA,NA,NA,NA,NA,NA,NA,NA,NA,NA,NA,NA,NA,NA,NA,NA,NA
"379",2020-09-12,NA,NA,NA,NA,NA,NA,NA,NA,NA,NA,NA,NA,NA,NA,NA,NA,NA
"380",2020-09-13,NA,NA,NA,NA,NA,NA,NA,NA,NA,NA,NA,NA,NA,NA,NA,NA,NA
"381",2020-09-14,NA,NA,NA,NA,NA,NA,NA,NA,NA,NA,NA,NA,NA,NA,NA,NA,NA
"382",2020-09-15,NA,NA,NA,NA,NA,NA,NA,NA,NA,NA,NA,NA,NA,NA,NA,NA,NA
"383",2020-09-16,NA,NA,NA,NA,NA,NA,NA,NA,NA,NA,NA,NA,NA,NA,NA,NA,NA
"384",2020-09-17,NA,NA,NA,NA,NA,NA,NA,NA,NA,NA,NA,NA,NA,NA,NA,NA,NA
"385",2020-09-18,NA,NA,NA,NA,NA,NA,NA,NA,NA,NA,NA,NA,NA,NA,NA,NA,NA
"386",2020-09-19,NA,NA,NA,NA,NA,NA,NA,NA,NA,NA,NA,NA,NA,NA,NA,NA,NA
"387",2020-09-20,NA,NA,NA,NA,NA,NA,NA,NA,NA,NA,NA,NA,NA,NA,NA,NA,NA
"388",2020-09-21,NA,NA,NA,NA,NA,NA,NA,NA,NA,NA,NA,NA,NA,NA,NA,NA,NA
"389",2020-09-22,NA,NA,NA,NA,NA,NA,NA,NA,NA,NA,NA,NA,NA,NA,NA,NA,NA
"390",2020-09-23,NA,NA,NA,NA,NA,NA,NA,NA,NA,NA,NA,NA,NA,NA,NA,NA,NA
"391",2020-09-24,NA,NA,NA,NA,NA,NA,NA,NA,NA,NA,NA,NA,NA,NA,NA,NA,NA
"392",2020-09-25,NA,NA,NA,NA,NA,NA,NA,NA,NA,NA,NA,NA,NA,NA,NA,NA,NA
"393",2020-09-26,NA,NA,NA,NA,NA,NA,NA,NA,NA,NA,NA,NA,NA,NA,NA,NA,NA
"394",2020-09-27,NA,NA,NA,NA,NA,NA,NA,NA,NA,NA,NA,NA,NA,NA,NA,NA,NA
"395",2020-09-28,NA,NA,NA,NA,NA,NA,NA,NA,NA,NA,NA,NA,NA,NA,NA,NA,NA
"396",2020-09-29,NA,NA,NA,NA,NA,NA,NA,NA,NA,NA,NA,NA,NA,NA,NA,NA,NA
"397",2020-09-30,NA,NA,NA,NA,NA,NA,NA,NA,NA,NA,NA,NA,NA,NA,NA,NA,NA
"398",2020-12-01,NA,NA,NA,NA,NA,NA,NA,NA,NA,NA,NA,NA,NA,NA,NA,NA,NA
"399",2020-12-02,NA,NA,NA,NA,NA,NA,NA,NA,NA,NA,NA,NA,NA,NA,NA,NA,NA
"400",2020-12-03,NA,NA,NA,NA,NA,NA,NA,NA,NA,NA,NA,NA,NA,NA,NA,NA,NA
"401",2020-12-04,NA,NA,NA,NA,NA,NA,NA,NA,NA,NA,NA,NA,NA,NA,NA,NA,NA
"402",2020-12-05,NA,NA,NA,NA,NA,NA,NA,NA,NA,NA,NA,NA,NA,NA,NA,NA,NA
"403",2020-12-06,NA,NA,NA,NA,NA,NA,NA,NA,NA,NA,NA,NA,NA,NA,NA,NA,NA
"404",2020-12-07,NA,NA,NA,NA,NA,NA,NA,NA,NA,NA,NA,NA,NA,NA,NA,NA,NA
"405",2020-12-08,NA,NA,NA,NA,NA,NA,NA,NA,NA,NA,NA,NA,NA,NA,NA,NA,NA
"406",2020-12-09,NA,NA,NA,NA,NA,NA,NA,NA,NA,NA,NA,NA,NA,NA,NA,NA,NA
"407",2020-12-10,NA,NA,NA,NA,NA,NA,NA,NA,NA,NA,NA,NA,NA,NA,NA,NA,NA
"408",2020-12-11,NA,NA,NA,NA,NA,NA,NA,NA,NA,NA,NA,NA,NA,NA,NA,NA,NA
"409",2020-12-12,NA,NA,NA,NA,NA,NA,NA,NA,NA,NA,NA,NA,NA,NA,NA,NA,NA
"410",2020-12-13,NA,NA,NA,NA,NA,NA,NA,NA,NA,NA,NA,NA,NA,NA,NA,NA,NA
"411",2020-12-14,NA,NA,NA,NA,NA,NA,NA,NA,NA,NA,NA,NA,NA,NA,NA,NA,NA
"412",2020-12-15,NA,NA,NA,NA,NA,NA,NA,NA,NA,NA,NA,NA,NA,NA,NA,NA,NA
"413",2020-12-16,NA,NA,NA,NA,NA,NA,NA,NA,NA,NA,NA,NA,NA,NA,NA,NA,NA
"414",2020-12-17,NA,NA,NA,NA,NA,NA,NA,NA,NA,NA,NA,NA,NA,NA,NA,NA,NA
"415",2020-12-18,NA,NA,NA,NA,NA,NA,NA,NA,NA,NA,NA,NA,NA,NA,NA,NA,NA
"416",2020-12-19,NA,NA,NA,NA,NA,NA,NA,NA,NA,NA,NA,NA,NA,NA,NA,NA,NA
"417",2020-12-20,NA,NA,NA,NA,NA,NA,NA,NA,NA,NA,NA,NA,NA,NA,NA,NA,NA
"418",2020-12-21,NA,NA,NA,NA,NA,NA,NA,NA,NA,NA,NA,NA,NA,NA,NA,NA,NA
"419",2020-12-22,NA,NA,NA,NA,NA,NA,NA,NA,NA,NA,NA,NA,NA,NA,NA,NA,NA
"420",2020-12-23,NA,NA,NA,NA,NA,NA,NA,NA,NA,NA,NA,NA,NA,NA,NA,NA,NA
"421",2020-12-24,NA,NA,NA,NA,NA,NA,NA,NA,NA,NA,NA,NA,NA,NA,NA,NA,NA
"422",2020-12-25,NA,NA,NA,NA,NA,NA,NA,NA,NA,NA,NA,NA,NA,NA,NA,NA,NA
"423",2020-12-26,NA,NA,NA,NA,NA,NA,NA,NA,NA,NA,NA,NA,NA,NA,NA,NA,NA
"424",2020-12-27,NA,NA,NA,NA,NA,NA,NA,NA,NA,NA,NA,NA,NA,NA,NA,NA,NA
"425",2020-12-28,NA,NA,NA,NA,NA,NA,NA,NA,NA,NA,NA,NA,NA,NA,NA,NA,NA
"426",2020-12-29,NA,NA,NA,NA,NA,NA,NA,NA,NA,NA,NA,NA,NA,NA,NA,NA,NA
"427",2020-12-30,NA,NA,NA,NA,NA,NA,NA,NA,NA,NA,NA,NA,NA,NA,NA,NA,NA
"428",2020-12-31,NA,NA,NA,NA,NA,NA,NA,NA,NA,NA,NA,NA,NA,NA,NA,NA,NA
"429",2021-01-01,NA,32.3535232952904,NA,NA,NA,19.9325145183111,39.8203892562591,47.6329653804004,35.6088285833375,0,29.0410236518153,NA,52.1704583273608,NA,47.9104318702631,45.741989736285,NA
"430",2021-01-02,NA,36.9055216456388,NA,NA,NA,21.2964523155572,39.8221243081649,47.1993985982028,38.375276352691,0,23.4295636136784,NA,52.1680951281739,NA,47.9105472568613,45.7421131514648,NA
"431",2021-01-03,NA,37.4440936821847,NA,NA,NA,28.8991249180196,39.8217601722336,46.0658520123649,42.813422240207,0,27.9704169116365,NA,52.1709170672023,NA,47.9109560654023,45.7425077074795,NA
"432",2021-01-04,NA,41.2913755867723,NA,NA,NA,21.4896343269958,39.8216346119989,46.0655382867309,42.6532554009398,0,32.237790361041,NA,52.1607693753521,NA,47.9101384483245,45.7417185957049,NA
"433",2021-01-05,NA,41.257651457408,NA,NA,NA,20.9339080530955,39.8225721716534,45.0803333766612,40.4713165653248,0,39.9853600981961,NA,52.1700144925716,NA,47.9111241904802,45.7427302273945,NA
"434",2021-01-06,NA,46.2975688594861,NA,NA,NA,20.6190333250202,39.8216946314556,45.1346320770325,37.989032737188,0,38.5451304032527,NA,52.1664493994468,NA,47.9101384483245,45.7417185957049,NA
"435",2021-01-07,NA,53.7713389790778,NA,NA,NA,24.6946646326162,39.8220824539807,46.8771154975246,38.4397715053476,0,32.973267250778,NA,52.171701217804,NA,47.9104746991383,45.7421636374266,NA
"436",2021-01-08,NA,80.8703798859597,NA,NA,NA,26.2515490122787,39.820263734203,48.4421433933087,38.0268218016793,0,31.6124634691704,NA,52.1644446590307,NA,47.910431870262,45.7419897362836,NA
"437",2021-01-09,NA,83.1547348376216,NA,NA,NA,21.5837808949494,39.8213123104246,48.5348757913374,35.275888704803,0,30.9371513075602,NA,52.1669189485013,NA,47.9105472568613,45.7421131514648,NA
"438",2021-01-10,NA,79.294538729901,NA,NA,NA,17.5587448411312,39.820126701859,46.0642852890742,34.2459823871044,0,33.3305467987832,NA,52.1645445117807,NA,47.9092482731808,45.7409799737861,NA
"439",2021-01-11,NA,74.6127691133582,NA,NA,NA,15.867922511823,39.8209718963391,46.7263663796963,35.0739146493642,0,30.3749480752408,NA,52.1643484950794,NA,47.9104516956097,45.7418401506465,NA
"440",2021-01-12,NA,73.1237815348323,NA,NA,NA,17.4608853860194,39.8199868867557,49.0009890653711,37.6467699785196,0,38.7605818983303,NA,52.1671149757061,NA,47.9107879412312,45.7422851880498,NA
"441",2021-01-13,NA,72.7819203788991,NA,NA,NA,24.6822097658554,39.8206733398568,44.7283205831118,39.1062809080403,0,44.7780785537664,NA,52.1668525345793,NA,47.9105472568613,45.7421131514648,NA
"442",2021-01-14,NA,76.0635858222063,NA,NA,NA,32.8794157835796,39.8219750228202,45.428827644747,39.2897379713581,0,45.2278450299917,NA,52.1679544817048,NA,47.9103791327539,45.7418906316846,NA
"443",2021-01-15,NA,83.8294766822513,NA,NA,NA,32.7116497650599,39.8211867811892,43.2931736946747,38.3250779656702,0,43.8115208702937,NA,52.1712870271148,NA,47.9101384483245,45.7417185957049,NA
"444",2021-01-16,NA,82.7023270502297,NA,NA,NA,32.5639570672863,39.8200943142731,42.2959006480149,38.2959564190038,0,37.4164679847698,NA,52.1677141366056,NA,47.9099933360211,45.7418195731473,NA
"445",2021-01-17,NA,80.8771893675789,NA,NA,NA,20.2689188296384,39.8217420536812,42.2864992139418,37.8455523387996,0,30.1540056959171,NA,52.1649587367579,NA,47.9110286263862,45.742457226077,NA
"446",2021-01-18,NA,80.7990977921897,NA,NA,NA,18.7346870713568,39.8207988851154,42.2607341112951,37.9283742485994,0,26.0770416265286,NA,52.1695448458401,NA,47.9107153818785,45.7423356717325,NA
"447",2021-01-19,NA,81.0613123919302,NA,NA,NA,21.5001097947296,39.8208407526533,47.4260987624211,37.8642547161511,0,31.3463213140732,NA,52.1715715837576,NA,47.9102340171865,45.7419916045654,NA
"448",2021-01-20,NA,82.7852393006444,NA,NA,NA,20.949951060001,39.8214197403706,48.0196717850203,37.8562186570004,0,39.9148597705631,NA,NA,NA,47.9111967497142,45.7426797446709,NA
"449",2021-01-21,NA,85.4969878971245,NA,NA,NA,19.1521566135971,39.8185540434133,48.0207256814118,37.8583983400275,0,38.8772793036176,NA,52.1666601163789,NA,47.9100658904816,45.741769082625,NA
"450",2021-01-22,NA,89.9232426824689,NA,NA,NA,18.3548764240377,39.822988766783,47.1705842978475,37.8596318341773,0,40.7471893042819,NA,52.1690469830629,NA,47.91014304984,45.7417832942316,NA
"451",2021-01-23,NA,88.5963338428445,NA,NA,NA,22.9946456380387,39.8225540474679,48.5105198082398,37.8605804046445,0,40.402432396663,NA,52.1695559241119,NA,47.9106428259054,45.7423861590154,NA
"452",2021-01-24,NA,85.1610293158768,NA,NA,NA,25.6300063257373,39.8211211764425,47.0366308184007,37.863529788572,0,38.04230326769,NA,52.1709281323546,NA,47.9108835077995,45.7425581924833,NA
"453",2021-01-25,NA,82.4703280863813,NA,NA,NA,17.4104432294984,39.8214615964519,44.5160555415683,37.8632084370153,0,36.0552145127992,NA,52.1694042513804,NA,47.9105472568613,45.7421131514648,NA
"454",2021-01-26,NA,82.8099818555388,NA,NA,NA,14.3390725600408,39.8220824539814,46.9796738009746,37.8614771713887,0,34.4834612065222,NA,52.1697298009802,NA,47.9110286263877,45.7424572260781,NA
"455",2021-01-27,NA,78.9682958281876,NA,NA,NA,19.468175700315,39.8237064471251,45.6857978337867,37.8635497325323,0,34.709411636441,NA,52.1649698357105,NA,47.9109560654023,45.7425077074795,NA
"456",2021-01-28,NA,47.6472433197951,NA,NA,NA,19.5108107872787,39.8197957476161,46.3402333597627,37.8602790716035,0,38.114684484402,NA,52.1591680907654,NA,47.9108835077995,45.7425581924833,NA
"457",2021-01-29,NA,31.0382894566368,NA,NA,NA,16.2474621242277,39.821419740368,42.804987693255,37.8650244231101,0,36.2697306111026,NA,52.1740457879152,NA,47.910306573278,45.7419411163232,NA
"458",2021-01-30,NA,26.5280167842749,NA,NA,NA,21.0641615953526,39.8219750228205,42.7684378100406,37.8630589737834,0,34.5354123511759,NA,52.1792835719495,NA,47.9109560654023,45.7425077074795,NA
"459",2021-01-31,NA,29.0027873895933,NA,NA,NA,13.4674813023121,39.8241353658504,43.7573334610808,37.8627555658427,0,31.3107715456153,NA,52.1705873278185,NA,47.9105465533682,45.7423173460325,NA
"460",2021-02-01,NA,38.3571520133515,NA,NA,NA,18.429466648021,NA,43.1176625966926,37.8635586819797,0,26.4116462099342,NA,52.1655547440163,NA,47.9104746991383,45.7421636374266,NA
"461",2021-02-02,NA,49.9845992885783,NA,NA,NA,21.7390312229538,NA,41.3773334038045,37.8653457422118,0,26.3297741544691,NA,52.1683908810964,NA,47.9105702733167,45.7424366499019,NA
"462",2021-02-03,NA,58.0639326104078,NA,NA,NA,22.8756832617426,NA,39.970028154982,37.8642203549249,0,26.7025209190248,NA,52.1662865622016,NA,47.9111241904802,45.7427302273945,NA
"463",2021-02-04,NA,63.5079093545735,NA,NA,NA,28.1549109169833,39.8199450303252,41.2273132354635,37.8602043330921,0,25.8903578901334,NA,52.1660130974618,NA,47.9109560654023,45.7425077074795,NA
"464",2021-02-05,NA,61.6510154183446,NA,NA,NA,38.0362055603216,39.8202033639754,42.5775888770413,37.8652645344957,0,31.9928354677188,NA,52.1638544777594,NA,47.9112112619654,45.7426696485574,NA
"465",2021-02-06,NA,51.6857375715291,NA,NA,NA,45.9117757405253,39.8191599207882,44.0194081875948,37.8652690182966,0,37.6084187784716,NA,52.1675402667653,NA,47.9110516346288,45.7427807137204,NA
"466",2021-02-07,NA,48.2468151654788,NA,NA,NA,46.5035609146669,39.8142037207658,45.3002943671967,37.8644913213255,0,40.9789321159444,NA,52.1658807181208,NA,47.9109560654023,45.7425077074795,NA
"467",2021-02-08,NA,48.7361643901839,NA,NA,NA,43.7946798025365,39.8187771743994,44.5872575451718,37.8614124320171,0,45.1069606791469,NA,52.164836859847,NA,47.9109560654023,45.7425077074795,NA
"468",2021-02-09,NA,48.4156061533527,NA,NA,NA,40.4538530570956,39.8199952090321,46.1612479790501,37.8638112657313,0,42.952581576116,NA,52.1665490685007,NA,47.911364873946,45.7429022637479,NA
"469",2021-02-10,NA,48.447812192089,NA,NA,NA,39.6374771777827,39.8180870031085,42.5755065053516,37.8635497325341,0,42.653852095788,NA,52.1685727757408,NA,47.9111241904802,45.7427302273945,NA
"470",2021-02-11,NA,48.8071414747653,NA,NA,NA,40.6814118473845,39.8182881536884,41.7680059536873,37.8654354202602,0,40.7632431164873,NA,52.1647465259737,NA,47.9107206918168,45.742196180414,NA
"471",2021-02-12,NA,49.8392586936293,NA,NA,NA,40.7477398796795,39.8155478389577,43.518357833464,37.8633380073646,0,37.9124191190491,NA,52.1705249984746,NA,47.9104746991383,45.7421636374266,NA
"472",2021-02-13,NA,46.3143164378362,NA,NA,NA,38.7252476315936,39.8179418804145,41.3162865106877,37.8624611338943,0,35.2429694389655,NA,52.1723038719458,NA,47.9108835077995,45.7425581924833,NA
"473",2021-02-14,NA,46.1218481597859,NA,NA,NA,33.1968863568172,39.8198225969701,40.8926487936393,37.8654314335621,0,34.8414062654949,NA,52.1615044009414,NA,47.9111967497142,45.7426797446709,NA
"474",2021-02-15,NA,46.4586529346952,NA,NA,NA,29.3240203714259,39.8183478938086,47.3321435825452,37.864598443395,0,31.6483215869549,NA,52.1667894629576,NA,47.910306573278,45.7419411163232,NA
"475",2021-02-16,NA,48.5098455668732,NA,NA,NA,21.5904475910188,39.8172371695708,46.8821328571135,37.8649138004636,0,27.8422318519361,NA,52.165110396747,NA,47.9111241904802,45.7427302273945,NA
"476",2021-02-17,NA,49.8767818385284,NA,NA,NA,22.9453421359668,39.8167471179249,46.2720490762087,37.8630166295551,0,29.0956336547194,NA,52.1706358317016,NA,47.9106198179669,45.7420626691054,NA
"477",2021-02-18,NA,49.9982091358738,NA,NA,NA,35.8818716692139,39.8190526114108,48.651173428634,37.8652610613523,0,33.9882108604366,NA,52.1695448458389,NA,47.910715381877,45.7423356717314,NA
"478",2021-02-19,NA,47.605680116707,NA,NA,NA,28.2403843945803,39.8191411761247,48.5727782819437,37.8658728929051,0,37.2589099069892,NA,52.1692713473101,NA,47.9105472568613,45.7421131514648,NA
"479",2021-02-20,NA,46.4116275511221,NA,NA,NA,36.8541683337956,39.8180071686209,43.5505418899657,37.8667357534644,0,33.1672233334985,NA,52.1671260540368,NA,47.910715381877,45.7423356717314,NA
"480",2021-02-21,NA,47.8038777583845,NA,NA,NA,35.6322978933072,39.819438046288,41.7446364612015,37.8643757345281,0,32.2049212632118,NA,52.1675824037739,36.5251983236303,47.9112112619669,45.7426696485585,NA
"481",2021-02-22,NA,NA,NA,NA,NA,NA,NA,NA,NA,NA,NA,NA,NA,NA,NA,NA,NA
"482",2021-02-23,NA,NA,NA,NA,NA,NA,NA,NA,NA,NA,NA,NA,NA,NA,NA,NA,NA
"483",2021-02-24,NA,NA,NA,NA,NA,NA,NA,NA,NA,NA,NA,NA,NA,NA,NA,NA,NA
"484",2021-02-25,NA,NA,NA,NA,NA,NA,NA,NA,NA,NA,NA,NA,NA,NA,NA,NA,NA
"485",2021-02-26,NA,NA,NA,NA,NA,NA,NA,NA,NA,NA,NA,NA,NA,NA,NA,NA,NA
"486",2021-02-27,NA,NA,NA,NA,NA,NA,NA,NA,NA,NA,NA,NA,NA,NA,NA,NA,NA
"487",2021-02-28,NA,NA,NA,NA,NA,NA,NA,NA,NA,NA,NA,NA,NA,NA,NA,NA,NA
"488",2021-03-01,NA,NA,NA,NA,NA,NA,NA,NA,NA,NA,NA,NA,NA,NA,NA,NA,NA
"489",2021-03-02,NA,NA,NA,NA,NA,NA,NA,NA,NA,NA,NA,NA,NA,NA,NA,NA,NA
"490",2021-03-03,NA,NA,NA,NA,NA,NA,NA,NA,NA,NA,NA,NA,NA,NA,NA,NA,NA
"491",2021-03-04,NA,NA,NA,NA,NA,NA,NA,NA,NA,NA,NA,NA,NA,NA,NA,NA,NA
"492",2021-03-05,NA,NA,NA,NA,NA,NA,NA,NA,NA,NA,NA,NA,NA,NA,NA,NA,NA
"493",2021-03-06,NA,NA,NA,NA,NA,NA,NA,NA,NA,NA,NA,NA,NA,NA,NA,NA,NA
"494",2021-03-07,NA,NA,NA,NA,NA,NA,NA,NA,NA,NA,NA,NA,NA,NA,NA,NA,NA
"495",2021-03-08,NA,NA,NA,NA,NA,NA,NA,NA,NA,NA,NA,NA,NA,NA,NA,NA,NA
"496",2021-03-09,NA,NA,NA,NA,NA,NA,NA,NA,NA,NA,NA,NA,NA,NA,NA,NA,NA
"497",2021-03-10,NA,NA,NA,NA,NA,NA,NA,NA,NA,NA,NA,NA,NA,NA,NA,NA,NA
"498",2021-03-11,NA,NA,NA,NA,NA,NA,NA,NA,NA,NA,NA,NA,NA,NA,NA,NA,NA
"499",2021-03-12,NA,NA,NA,NA,NA,NA,NA,NA,NA,NA,NA,NA,NA,NA,NA,NA,NA
"500",2021-03-13,NA,NA,NA,NA,NA,NA,NA,NA,NA,NA,NA,NA,NA,NA,NA,NA,NA
"501",2021-03-14,NA,NA,NA,NA,NA,NA,NA,NA,NA,NA,NA,NA,NA,NA,NA,NA,NA
"502",2021-03-15,NA,NA,NA,NA,NA,NA,NA,NA,NA,NA,NA,NA,NA,NA,NA,NA,NA
"503",2021-03-16,NA,NA,NA,NA,NA,NA,NA,NA,NA,NA,NA,NA,NA,NA,NA,NA,NA
"504",2021-03-17,NA,NA,NA,NA,NA,NA,NA,NA,NA,NA,NA,NA,NA,NA,NA,NA,NA
"505",2021-03-18,NA,NA,NA,NA,NA,NA,NA,NA,NA,NA,NA,NA,NA,NA,NA,NA,NA
"506",2021-03-19,NA,NA,NA,NA,NA,NA,NA,NA,NA,NA,NA,NA,NA,NA,NA,NA,NA
"507",2021-03-20,NA,NA,NA,NA,NA,NA,NA,NA,NA,NA,NA,NA,NA,NA,NA,NA,NA
"508",2021-03-21,NA,NA,NA,NA,NA,NA,NA,NA,NA,NA,NA,NA,NA,NA,NA,NA,NA
"509",2021-03-22,NA,NA,NA,NA,NA,NA,NA,NA,NA,NA,NA,NA,NA,NA,NA,NA,NA
"510",2021-03-23,NA,NA,NA,NA,NA,NA,NA,NA,NA,NA,NA,NA,NA,NA,NA,NA,NA
"511",2021-03-24,NA,NA,NA,NA,NA,NA,NA,NA,NA,NA,NA,NA,NA,NA,NA,NA,NA
"512",2021-03-25,NA,NA,NA,NA,NA,NA,NA,NA,NA,NA,NA,NA,NA,NA,NA,NA,NA
"513",2021-03-26,NA,NA,NA,NA,NA,NA,NA,NA,NA,NA,NA,NA,NA,NA,NA,NA,NA
"514",2021-03-27,NA,NA,NA,NA,NA,NA,NA,NA,NA,NA,NA,NA,NA,NA,NA,NA,NA
"515",2021-03-28,NA,NA,NA,NA,NA,NA,NA,NA,NA,NA,NA,NA,NA,NA,NA,NA,NA
"516",2021-03-29,NA,NA,NA,NA,NA,NA,NA,NA,NA,NA,NA,NA,NA,NA,NA,NA,NA
"517",2021-03-30,NA,NA,NA,NA,NA,NA,NA,NA,NA,NA,NA,NA,NA,NA,NA,NA,NA
"518",2021-03-31,NA,NA,NA,NA,NA,NA,NA,NA,NA,NA,NA,NA,NA,NA,NA,NA,NA
"519",2021-04-01,NA,NA,NA,NA,NA,NA,NA,NA,NA,NA,NA,NA,NA,NA,NA,NA,NA
"520",2021-04-02,NA,NA,NA,NA,NA,NA,NA,NA,NA,NA,NA,NA,NA,NA,NA,NA,NA
"521",2021-04-03,NA,NA,NA,NA,NA,NA,NA,NA,NA,NA,NA,NA,NA,NA,NA,NA,NA
"522",2021-04-04,NA,NA,NA,NA,NA,NA,NA,NA,NA,NA,NA,NA,NA,NA,NA,NA,NA
"523",2021-04-05,NA,NA,NA,NA,NA,NA,NA,NA,NA,NA,NA,NA,NA,NA,NA,NA,NA
"524",2021-04-06,NA,NA,NA,NA,NA,NA,NA,NA,NA,NA,NA,NA,NA,NA,NA,NA,NA
"525",2021-04-07,NA,NA,NA,NA,NA,NA,NA,NA,NA,NA,NA,NA,NA,NA,NA,NA,NA
"526",2021-04-08,NA,NA,NA,NA,NA,NA,NA,NA,NA,NA,NA,NA,NA,NA,NA,NA,NA
"527",2021-04-09,NA,NA,NA,NA,NA,NA,NA,NA,NA,NA,NA,NA,NA,NA,NA,NA,NA
"528",2021-04-10,NA,NA,NA,NA,NA,NA,NA,NA,NA,NA,NA,NA,NA,NA,NA,NA,NA
"529",2021-04-11,NA,NA,NA,NA,NA,NA,NA,NA,NA,NA,NA,NA,NA,NA,NA,NA,NA
"530",2021-04-12,NA,NA,NA,NA,NA,NA,NA,NA,NA,NA,NA,NA,NA,NA,NA,NA,NA
"531",2021-04-13,NA,NA,NA,NA,NA,NA,NA,NA,NA,NA,NA,NA,NA,NA,NA,NA,NA
"532",2021-04-14,NA,NA,NA,NA,NA,NA,NA,NA,NA,NA,NA,NA,NA,NA,NA,NA,NA
"533",2021-04-15,NA,NA,NA,NA,NA,NA,NA,NA,NA,NA,NA,NA,NA,NA,NA,NA,NA
"534",2021-04-16,NA,NA,NA,NA,NA,NA,NA,NA,NA,NA,NA,NA,NA,NA,NA,NA,NA
"535",2021-04-17,NA,NA,NA,NA,NA,NA,NA,NA,NA,NA,NA,NA,NA,NA,NA,NA,NA
"536",2021-04-18,NA,NA,NA,NA,NA,NA,NA,NA,NA,NA,NA,NA,NA,NA,NA,NA,NA
"537",2021-04-19,NA,NA,NA,NA,NA,NA,NA,NA,NA,NA,NA,NA,NA,NA,NA,NA,NA
"538",2021-04-20,NA,NA,NA,NA,NA,NA,NA,NA,NA,NA,NA,NA,NA,NA,NA,NA,NA
"539",2021-04-21,NA,NA,NA,NA,NA,NA,NA,NA,NA,NA,NA,NA,NA,NA,NA,NA,NA
"540",2021-04-22,NA,NA,NA,NA,NA,NA,NA,NA,NA,NA,NA,NA,NA,NA,NA,NA,NA
"541",2021-04-23,NA,NA,NA,NA,NA,NA,NA,NA,NA,NA,NA,NA,NA,NA,NA,NA,NA
"542",2021-04-24,NA,NA,NA,NA,NA,NA,NA,NA,NA,NA,NA,NA,NA,NA,NA,NA,NA
"543",2021-04-25,NA,NA,NA,NA,NA,NA,NA,NA,NA,NA,NA,NA,NA,NA,NA,NA,NA
"544",2021-04-26,NA,NA,NA,NA,NA,NA,NA,NA,NA,NA,NA,NA,NA,NA,NA,NA,NA
"545",2021-04-27,NA,NA,NA,NA,NA,NA,NA,NA,NA,NA,NA,NA,NA,NA,NA,NA,NA
"546",2021-04-28,NA,NA,NA,NA,NA,NA,NA,NA,NA,NA,NA,NA,NA,NA,NA,NA,NA
"547",2021-04-29,NA,NA,NA,NA,NA,NA,NA,NA,NA,NA,NA,NA,NA,NA,NA,NA,NA
"548",2021-04-30,NA,NA,NA,NA,NA,NA,NA,NA,NA,NA,NA,NA,NA,NA,NA,NA,NA
"549",2021-06-01,NA,NA,NA,NA,NA,NA,NA,NA,NA,NA,NA,NA,NA,NA,NA,NA,NA
"550",2021-06-02,NA,NA,NA,NA,NA,NA,NA,NA,NA,NA,NA,NA,NA,NA,NA,NA,NA
"551",2021-06-03,NA,NA,NA,NA,NA,NA,NA,NA,NA,NA,NA,NA,NA,NA,NA,NA,NA
"552",2021-06-04,NA,NA,NA,NA,NA,NA,NA,NA,NA,NA,NA,NA,NA,NA,NA,NA,NA
"553",2021-06-05,NA,NA,NA,NA,NA,NA,NA,NA,NA,NA,NA,NA,NA,NA,NA,NA,NA
"554",2021-06-06,NA,NA,NA,NA,NA,NA,NA,NA,NA,NA,NA,NA,NA,NA,NA,NA,NA
"555",2021-06-07,NA,NA,NA,NA,NA,NA,NA,NA,NA,NA,NA,NA,NA,NA,NA,NA,NA
"556",2021-06-08,NA,NA,NA,NA,NA,NA,NA,NA,NA,NA,NA,NA,NA,NA,NA,NA,NA
"557",2021-06-09,NA,NA,NA,NA,NA,NA,NA,NA,NA,NA,NA,NA,NA,NA,NA,NA,NA
"558",2021-06-10,NA,NA,NA,NA,NA,NA,NA,NA,NA,NA,NA,NA,NA,NA,NA,NA,NA
"559",2021-06-11,NA,NA,NA,NA,NA,NA,NA,NA,NA,NA,NA,NA,NA,NA,NA,NA,NA
"560",2021-06-12,NA,NA,NA,NA,NA,NA,NA,NA,NA,NA,NA,NA,NA,NA,NA,NA,NA
"561",2021-06-13,NA,NA,NA,NA,NA,NA,NA,NA,NA,NA,NA,NA,NA,NA,NA,NA,NA
"562",2021-06-14,NA,NA,NA,NA,NA,NA,NA,NA,NA,NA,NA,NA,NA,NA,NA,NA,NA
"563",2021-06-15,NA,NA,NA,NA,NA,NA,NA,NA,NA,NA,NA,NA,NA,NA,NA,NA,NA
"564",2021-06-16,NA,NA,NA,NA,NA,NA,NA,NA,NA,NA,NA,NA,NA,NA,NA,NA,NA
"565",2021-06-17,NA,NA,NA,NA,NA,NA,NA,NA,NA,NA,NA,NA,NA,NA,NA,NA,NA
"566",2021-06-18,NA,NA,NA,NA,NA,NA,NA,NA,NA,NA,NA,NA,NA,NA,NA,NA,NA
"567",2021-06-19,NA,NA,NA,NA,NA,NA,NA,NA,NA,NA,NA,NA,NA,NA,NA,NA,NA
"568",2021-06-20,NA,NA,NA,NA,NA,NA,NA,NA,NA,NA,NA,NA,NA,NA,NA,NA,NA
"569",2021-06-21,NA,NA,NA,NA,NA,NA,NA,NA,NA,NA,NA,NA,NA,NA,NA,NA,NA
"570",2021-06-22,NA,NA,NA,NA,NA,NA,NA,NA,NA,NA,NA,NA,NA,NA,NA,NA,NA
"571",2021-06-23,NA,NA,NA,NA,NA,NA,NA,NA,NA,NA,NA,NA,NA,NA,NA,NA,NA
"572",2021-06-24,NA,NA,NA,NA,NA,NA,NA,NA,NA,NA,NA,NA,NA,NA,NA,NA,NA
"573",2021-06-25,NA,NA,NA,NA,NA,NA,NA,NA,NA,NA,NA,NA,NA,NA,NA,NA,NA
"574",2021-06-26,NA,NA,NA,NA,NA,NA,NA,NA,NA,NA,NA,NA,NA,NA,NA,NA,NA
"575",2021-06-27,NA,NA,NA,NA,NA,NA,NA,NA,NA,NA,NA,NA,NA,NA,NA,NA,NA
"576",2021-06-28,NA,NA,NA,NA,NA,NA,NA,NA,NA,NA,NA,NA,NA,NA,NA,NA,NA
"577",2021-06-29,NA,NA,NA,NA,NA,NA,NA,NA,NA,NA,NA,NA,NA,NA,NA,NA,NA
"578",2021-06-30,NA,NA,NA,NA,NA,NA,NA,NA,NA,NA,NA,NA,NA,NA,NA,NA,NA
